CRASH_UNIT_ID,CRASH_RECORD_ID,CRASH_DATE,UNIT_NO,UNIT_TYPE,NUM_PASSENGERS,VEHICLE_ID,CMRC_VEH_I,MAKE,MODEL,LIC_PLATE_STATE,VEHICLE_YEAR,VEHICLE_DEFECT,VEHICLE_TYPE,VEHICLE_USE,TRAVEL_DIRECTION,MANEUVER,TOWED_I,FIRE_I,OCCUPANT_CNT,EXCEED_SPEED_LIMIT_I,TOWED_BY,TOWED_TO,AREA_00_I,AREA_01_I,AREA_02_I,AREA_03_I,AREA_04_I,AREA_05_I,AREA_06_I,AREA_07_I,AREA_08_I,AREA_09_I,AREA_10_I,AREA_11_I,AREA_12_I,AREA_99_I,FIRST_CONTACT_POINT,CMV_ID,USDOT_NO,CCMC_NO,ILCC_NO,COMMERCIAL_SRC,GVWR,CARRIER_NAME,CARRIER_STATE,CARRIER_CITY,HAZMAT_PLACARDS_I,HAZMAT_NAME,UN_NO,HAZMAT_PRESENT_I,HAZMAT_REPORT_I,HAZMAT_REPORT_NO,MCS_REPORT_I,MCS_REPORT_NO,HAZMAT_VIO_CAUSE_CRASH_I,MCS_VIO_CAUSE_CRASH_I,IDOT_PERMIT_NO,WIDE_LOAD_I,TRAILER1_WIDTH,TRAILER2_WIDTH,TRAILER1_LENGTH,TRAILER2_LENGTH,TOTAL_VEHICLE_LENGTH,AXLE_CNT,VEHICLE_CONFIG,CARGO_BODY_TYPE,LOAD_TYPE,HAZMAT_OUT_OF_SERVICE_I,MCS_OUT_OF_SERVICE_I,HAZMAT_CLASS
1686035,8f8a71dc2c586b5413fa577630c176d63e29dd88cbd5282ec0fc317fddf69062909603a6ac6a25dba700a7171cf7eb72b03ba27920154207631f3db9ef794121,10/20/2023 06:33:00 PM,1,DRIVER,,1604731,,UNKNOWN,OTHER (EXPLAIN IN NARRATIVE),IL,,NONE,MOPED OR MOTORIZED BICYCLE,UNKNOWN/NA,S,UNKNOWN/NA,,,1,,,,,Y,,,,,,,,,,Y,Y,,FRONT,,,,,,,,,,,,,,,,,,,,,,,,,,,,,,,,,
1685157,f7d1916bd2a8526f59ccde3b1da029089487e9cf7d1d0f90cf24dc3a822d57a9ec0497463f5d0d3044336bb8b70645cfd16739a36ef96d4c1cbb0171f52bc1a3,10/19/2023 02:48:00 PM,1,DRIVER,,1603900,,UNKNOWN,MOTORIZED,IL,,UNKNOWN,MOPED OR MOTORIZED BICYCLE,PERSONAL,E,STRAIGHT AHEAD,,,1,,,,,,,,,,,Y,Y,Y,,,,,SIDE-LEFT,,,,,,,,,,,,,,,,,,,,,,,,,,,,,,,,,
1684623,7a9bff2b01921df9245d385bbd6d0a796c2c98cd3a71dcc33058ee75396e141ae12ff7171ab6f3e22f48e33ec0be44d665541f16f61d20f7b8848ae393b932bd,10/18/2023 06:26:00 PM,1,DRIVER,,1603372,,UNKNOWN,MOTORIZED,IL,,UNKNOWN,MOPED OR MOTORIZED BICYCLE,PERSONAL,S,STRAIGHT AHEAD,,,1,,,,,,,,,,,,,,,,,Y,FRONT,,,,,,,,,,,,,,,,,,,,,,,,,,,,,,,,,
1684366,426a0292b38dee34967b43d0f2e5ca48a3bc80b0c757ee333de7f02e85b7a711a266a5eb4282150f4f9e99d2d6bdcd5edd7b9d48c47a20c6e93cdebb6eafecf1,10/18/2023 02:18:00 PM,1,DRIVER,,1603128,,UNKNOWN,MOTORIZED,XX,,UNKNOWN,MOPED OR MOTORIZED BICYCLE,UNKNOWN/NA,W,STRAIGHT AHEAD,,,1,,,,,,,,,,,,,,,,Y,,FRONT,,,,,,,,,,,,,,,,,,,,,,,,,,,,,,,,,
1684115,ace3af72b353b4c7de8b098086f954f10759ab911321a99c758c6f89acf487ab39ae2e3773fff4c7c4770578e427a8f6ff1655c854e3f00aab323b4c8642dbb4,10/18/2023 08:50:00 AM,1,DRIVER,,1602881,,"(HOMEMADE MOTORCYCLE, MOPED.ETC.)","(HOMEMADE MOTORCYCLE, MOPED.ETC.)",,,NONE,MOPED OR MOTORIZED BICYCLE,PERSONAL,S,STRAIGHT AHEAD,,,1,,,,,Y,,,,,,,,,,Y,Y,,FRONT,,,,,,,,,,,,,,,,,,,,,,,,,,,,,,,,,
1684008,e0aaeba03d97628c117a3fef517591f4b1f63ca2e2659d843f72bef2b67abf19db1d200eb5663d31b2d073d11e250240f85f2c1a779e93d3ced03b7ea792a267,10/17/2023 09:30:00 AM,1,DRIVER,,1602789,,UNKNOWN,MOTORIZED,XX,,UNKNOWN,MOPED OR MOTORIZED BICYCLE,UNKNOWN/NA,W,UNKNOWN/NA,,,1,,,,,,,,,,,,,,Y,Y,,,FRONT-LEFT-CORNER,,,,,,,,,,,,,,,,,,,,,,,,,,,,,,,,,
1683260,8bdeeacb4765669f59adf26fdac6873ac6107e434b5e0fb29537cb6c545c4c08cd31712169565e03e1062040e5e79b98da300cfc01770bca9d7f6e3aaa809bed,10/16/2023 12:39:00 PM,2,DRIVER,,1602162,,UNKNOWN,MOTORIZED,IL,2022,UNKNOWN,MOPED OR MOTORIZED BICYCLE,OTHER,N,STRAIGHT AHEAD,,,1,,,,,,,,,Y,Y,Y,,,,,Y,,REAR,,,,,,,,,,,,,,,,,,,,,,,,,,,,,,,,,
1689606,f77ef557bece6cfab86a295165d98135a9f62dc4ce807abaa063dd4c9380d403db2337ec17d763127d96a0b8f39d2b9cf9e752c8682142bb15ff7e30c0a04411,10/14/2023 07:40:00 PM,2,DRIVER,,1608127,,"(HOMEMADE MOTORCYCLE, MOPED.ETC.)","(HOMEMADE MOTORCYCLE, MOPED.ETC.)",IL,2008,NONE,MOPED OR MOTORIZED BICYCLE,PERSONAL,W,SLOW/STOP IN TRAFFIC,,,1,,,,,,,,,,Y,,,,,,,,REAR,,,,,,,,,,,,,,,,,,,,,,,,,,,,,,,,,
1677037,87780e8bfccbe09c9aef40e95cab01596de6a62f844bc7ead673bc1361f20b9e72b813c2beb8a62a80dc02b03f0d61e4b65c64e87befe04e634b6dc6650baf0b,10/07/2023 04:58:00 PM,1,DRIVER,,1596141,,UNKNOWN,OTHER (EXPLAIN IN NARRATIVE),IL,,UNKNOWN,MOPED OR MOTORIZED BICYCLE,UNKNOWN/NA,W,STRAIGHT AHEAD,,,1,,,,,Y,Y,Y,Y,,,,,,,N,,Y,SIDE-RIGHT,,,,,,,,,,,,,,,,,,,,,,,,,,,,,,,,,
1674184,4d4c0404441601fbf5251c0453970d38ba1328769ce9e6d9c13611c985bebf36ae9ca6bad4410d3b9fd37b3236b132317b8dbd9af4c2ed2df0929aded1ddfa06,10/03/2023 05:06:00 PM,2,DRIVER,,1593393,,UNKNOWN,OTHER (EXPLAIN IN NARRATIVE),,,NONE,MOPED OR MOTORIZED BICYCLE,PERSONAL,S,STRAIGHT AHEAD,,,1,,,,,,,,,,,,,,,,,Y,FRONT,,,,,,,,,,,,,,,,,,,,,,,,,,,,,,,,,
1673627,95c87806eb42f5a5b120745ca3cb0cfd7f5c127f4d4be07e24910a0a189645a60a5cb72b36a6a4dca383bdfdb1cbc9fad6ff0b1eefe5f8df9b66dfb2196c1789,10/03/2023 07:56:00 AM,3,DRIVER,,1592946,,"GENERAL MOPED COMPANY (NEW YORK, NY)","GENERAL MOPED CO., NEW YORK, NY",IL,2023,UNKNOWN,MOPED OR MOTORIZED BICYCLE,UNKNOWN/NA,E,STRAIGHT AHEAD,,,1,,,,,,Y,,,,,,Y,,Y,N,Y,,FRONT,,,,,,,,,,,,,,,,,,,,,,,,,,,,,,,,,
1670653,36c6256c6f0688553fcc323fb5e5e0b5f56e9e499b39de200920a8e95b0780d95d4fe8c3ecb119e788fb2a26765719d194cc78fccdcc4803b7802d71c6d35bbf,09/28/2023 11:30:00 PM,2,DRIVER,,1590032,,UNKNOWN,OTHER (EXPLAIN IN NARRATIVE),IL,,UNKNOWN,MOPED OR MOTORIZED BICYCLE,PERSONAL,W,TURNING LEFT,,,1,,,,,,,,,,,,,,,,,Y,UNKNOWN,,,,,,,,,,,,,,,,,,,,,,,,,,,,,,,,,
1670639,9a91c002eea580d420ca95f45ff85969f159040753bdf9af1d8116bdbe5bbbc3439f265e09d2c779ae01c1fe86b8ac4efd0f60b81252827fb3fe85fd56225e73,09/28/2023 09:05:00 PM,2,DRIVER,,1590020,,UNKNOWN,OTHER (EXPLAIN IN NARRATIVE),IL,,UNKNOWN,MOPED OR MOTORIZED BICYCLE,PERSONAL,E,STRAIGHT AHEAD,,,1,,,,,,,,,,,,,,,,,,SIDE-LEFT,,,,,,,,,,,,,,,,,,,,,,,,,,,,,,,,,
1668979,3486798964766b84bde897dc5dfbea2170ba00fe6c2e0bee2a4d5549ffbffedf144ed6f19dad032cfe86bb7a8e09a31dfccc9d8ca57ad1280038ca83d969a00f,09/26/2023 11:09:00 AM,1,DRIVER,,1588449,,UNKNOWN,MOTORIZED,,,UNKNOWN,MOPED OR MOTORIZED BICYCLE,OTHER,NE,STRAIGHT AHEAD,,,1,,,,,N,N,N,,,,,,,,,,Y,SIDE-RIGHT-FRONT,,,,,,,,,,,,,,,,,,,,,,,,,,,,,,,,,
1667963,7f6f9259941776651c653ec10784cb35a7f03d3a6cc913a385b9e615441ca123d494306f57a73905da6e41191a161047db486de99a2825c555742c2cd7b277a5,09/24/2023 06:30:00 PM,1,DRIVER,,1587452,,UNKNOWN,OTHER (EXPLAIN IN NARRATIVE),,,UNKNOWN,MOPED OR MOTORIZED BICYCLE,UNKNOWN/NA,E,OTHER,,,1,,,,,,,,,,,,,,,,,Y,UNKNOWN,,,,,,,,,,,,,,,,,,,,,,,,,,,,,,,,,
1667190,ad0603938e36ca1fff446ba25e6e2c6c18040b23609c32fe1e7075285baed7a6c87c35f0030d4a65a43744a008697253065d7727ede97f18d0fc00f0df31b2ca,09/22/2023 03:45:00 PM,2,DRIVER,,1586725,,UNKNOWN,MOTORIZED,IL,,UNKNOWN,MOPED OR MOTORIZED BICYCLE,PERSONAL,W,STRAIGHT AHEAD,,,1,,,,,,,,,,,,,,,,,Y,UNKNOWN,,,,,,,,,,,,,,,,,,,,,,,,,,,,,,,,,
1664103,eab857c3a9b83fba50358414bfb409405c6ee43cc0d46ee1a80ec44e14d7f8ced3afcfaedd02e10e96cab4692df6af5ee4344e60d5148a4f837e7ce04cf31332,09/19/2023 02:17:00 AM,1,DRIVER,,1583762,,UNKNOWN,MOTORIZED,IL,,UNKNOWN,MOPED OR MOTORIZED BICYCLE,UNKNOWN/NA,W,PASSING/OVERTAKING,Y,,1,,STREETS AND SANITATION,POUND 6,,,,,,,,,,,,,Y,,FRONT-LEFT-CORNER,,,,,,,,,,,,,,,,,,,,,,,,,,,,,,,,,
1660470,76a243e6352dc5f4f5397643789ac844b3128c615911ab80d7c2d0d71bf220ff46969b29250cd3f4c74a6c31f126e68500aa9ce53cf3db2e122e1d318869c4d9,09/14/2023 10:18:00 AM,2,DRIVER,,1580306,,"(HOMEMADE MOTORCYCLE, MOPED.ETC.)","(HOMEMADE MOTORCYCLE, MOPED.ETC.)",IL,2012,NONE,MOPED OR MOTORIZED BICYCLE,PERSONAL,S,STRAIGHT AHEAD,,,1,,,,Y,,,,,,,,,,,,,N,NONE,,,,,,,,,,,,,,,,,,,,,,,,,,,,,,,,,
1660057,d91238feef5905e79a9edc32463df9f9af51ed981c010a6338bd771118cf7b26c6bc4143da8326dcaeb17d55ed131e7ffce684c8faa288509efb51513aa922c5,09/13/2023 04:55:00 PM,1,DRIVER,,1579877,,UNKNOWN,OTHER (EXPLAIN IN NARRATIVE),IL,,UNKNOWN,MOPED OR MOTORIZED BICYCLE,UNKNOWN/NA,E,STRAIGHT AHEAD,,,1,,,,,,,,,,,,,,,,,Y,UNKNOWN,,,,,,,,,,,,,,,,,,,,,,,,,,,,,,,,,
1659997,287b75d48512c9f2b3b4beedc920cdd73b1bbadf31c096e10371cd2dcf5c10591a03eb854cc6306615e1046358a5b248611c493fe0182f4ecadc2083b6d240cc,09/13/2023 02:43:00 PM,1,DRIVER,,1579842,,UNKNOWN,MOTORIZED,,,NONE,MOPED OR MOTORIZED BICYCLE,UNKNOWN/NA,E,STRAIGHT AHEAD,,,1,,,,,,,,,,,,,,,,,Y,UNKNOWN,,,,,,,,,,,,,,,,,,,,,,,,,,,,,,,,,
1659465,1a4fb465aa3fc89c88cf51e8666ac293429b9b909015c44598fca088494494c58056c97a572a691d5f079a351148940129fe897a4ead450189869169046d83a6,09/12/2023 05:50:00 PM,2,DRIVER,,1579330,,UNKNOWN,OTHER (EXPLAIN IN NARRATIVE),,2021,UNKNOWN,MOPED OR MOTORIZED BICYCLE,PERSONAL,S,STRAIGHT AHEAD,,,1,,,,,,,,,,,,,,,,,,FRONT,,,,,,,,,,,,,,,,,,,,,,,,,,,,,,,,,
1657259,3db19dead689bed899f5dd5d1f0c42f3418ae2b9a1e0ef464da5bfdb87048a07f6988a2ae043f0eedda4d21309aaa24b7ac0952a7434e77e997af1e91a15cb76,09/09/2023 06:35:00 PM,1,DRIVER,,1577209,,UNKNOWN,OTHER (EXPLAIN IN NARRATIVE),IL,,UNKNOWN,MOPED OR MOTORIZED BICYCLE,UNKNOWN/NA,S,PASSING/OVERTAKING,,,1,,,,,,,,,,,,,,,,,Y,SIDE-LEFT,,,,,,,,,,,,,,,,,,,,,,,,,,,,,,,,,
1679884,ae177f70ebbfafcc8993c2b9a6e31201e901048bf9392e7588775f0ceb02c773bc123aa6417da94f37b9990596447522a59e4d6198c8f357adfca1a97e238092,09/09/2023 11:55:00 AM,2,DRIVER,,1598817,,YAMAHA,YAMAHA,,,UNKNOWN,MOPED OR MOTORIZED BICYCLE,PERSONAL,N,TURNING LEFT,,,1,,,,,,,,,,,,,,,,Y,,FRONT,,,,,,,,,,,,,,,,,,,,,,,,,,,,,,,,,
1655277,91fcd40db10eea75d79bdd9f822ce4251dfe2798a812c769781f95a7010543944a9e8d194b7cb45711a1dcf11b1832d5c5c5c5d37f7bcf838429b623b997e8b0,09/06/2023 05:04:00 PM,1,DRIVER,,1575303,,UNKNOWN,MOTORIZED,IL,,NONE,MOPED OR MOTORIZED BICYCLE,PERSONAL,E,TURNING LEFT,,,1,,,,,,,,,,,,,,,,,Y,SIDE-RIGHT,,,,,,,,,,,,,,,,,,,,,,,,,,,,,,,,,
1655434,858744b08bd5c688056fbd86bf8e27e06c67fe9743ec6abdee787a2a3c29eb3db2cc1181c81dfcf86762ca121d4385ebd3427ac039df9de08f3c134ffe3892ef,09/06/2023 05:01:00 PM,1,DRIVER,,1575458,,UNKNOWN,MOTORIZED,IL,,NONE,MOPED OR MOTORIZED BICYCLE,PERSONAL,SE,UNKNOWN/NA,,,1,,,,,,,,,,,,,,,N,N,,SIDE-RIGHT,,,,,,,,,,,,,,,,,,,,,,,,,,,,,,,,,
1655287,67f50d4a044aa8e473d6e96fcdef80aa010fbcc6b32df9745914da5183ac4ea5c27cf09aba1c0fb756269ad57978afdf82a0467b8791bf79a4cac269f37c5819,09/06/2023 04:30:00 PM,1,DRIVER,,1575316,,SCOOTALONG,SCOOTALONG,IL,2019,UNKNOWN,MOPED OR MOTORIZED BICYCLE,UNKNOWN/NA,W,PASSING/OVERTAKING,,,1,,,,,Y,Y,Y,,,,,,Y,Y,Y,Y,,FRONT-LEFT-CORNER,,,,,,,,,,,,,,,,,,,,,,,,,,,,,,,,,
1653258,d3270193cb0143aa440e452bd8be12bf1a9a5ad97b04375e52329213d4688192c6aab5e080817e72ed54ba18ec744cd7813d42bac5d6654f8c0541387512219c,09/03/2023 07:28:00 PM,2,DRIVER,,1573369,,UNKNOWN,OTHER (EXPLAIN IN NARRATIVE),IL,,UNKNOWN,MOPED OR MOTORIZED BICYCLE,PERSONAL,S,TURNING LEFT,,,1,,,,,Y,Y,Y,Y,,,,,,,,,,OTHER,,,,,,,,,,,,,,,,,,,,,,,,,,,,,,,,,
1652782,fba4091e57ea42c0a5e3c7988396818a3e41347bca571716fb96ad3f61d83e919e05bb670719298c9a906e0b79b7612a630afeb602c0318f8313991b9ce0aecf,09/03/2023 12:38:00 AM,2,DRIVER,,1572909,,UNKNOWN,MOTORIZED,XX,2016,UNKNOWN,MOPED OR MOTORIZED BICYCLE,PERSONAL,E,STRAIGHT AHEAD,,,1,,,,,,Y,Y,Y,Y,Y,Y,,,,,Y,,SIDE-RIGHT,,,,,,,,,,,,,,,,,,,,,,,,,,,,,,,,,
1651271,9b6c120762ea7a01ebf28311e7c5af124d9dd9674bcc000fb31cb123cd5a078fe8357c6580e0455fc8c0f6d4a51f183b0b3abc7ad303b7fd0ba1afdd1f13d9c9,09/01/2023 07:20:00 AM,1,DRIVER,,1571456,,"(HOMEMADE MOTORCYCLE, MOPED.ETC.)","(HOMEMADE MOTORCYCLE, MOPED.ETC.)",IL,,UNKNOWN,MOPED OR MOTORIZED BICYCLE,PERSONAL,N,PASSING/OVERTAKING,,,1,,,,,,,,,,,,,,,,Y,,FRONT,,,,,,,,,,,,,,,,,,,,,,,,,,,,,,,,,
1656342,9b6c120762ea7a01ebf28311e7c5af124d9dd9674bcc000fb31cb123cd5a078fe8357c6580e0455fc8c0f6d4a51f183b0b3abc7ad303b7fd0ba1afdd1f13d9c9,09/01/2023 07:20:00 AM,1,DRIVER,,1576323,,"(HOMEMADE MOTORCYCLE, MOPED.ETC.)","(HOMEMADE MOTORCYCLE, MOPED.ETC.)",IL,,UNKNOWN,MOPED OR MOTORIZED BICYCLE,PERSONAL,N,PASSING/OVERTAKING,,,1,,,,,,,,,,,,,,,,Y,,FRONT,,,,,,,,,,,,,,,,,,,,,,,,,,,,,,,,,
1650775,3056c9e8d0c060c89808702d3758d1468ac68b94169eeeef94eb6a95ff53f78060a3548bf00e8d2752f4bf6c4650ef67e9e5bef40db15cd16952c3eaee370e4f,08/31/2023 01:30:00 PM,2,DRIVER,,1570990,,HONDA,MOTORCYCLE,IL,2019,NONE,MOPED OR MOTORIZED BICYCLE,PERSONAL,S,TURNING LEFT,,,1,,,,,,,,,,,,,Y,,,,,SIDE-LEFT,,,,,,,,,,,,,,,,,,,,,,,,,,,,,,,,,
1650186,a8eb27431511ca4642cd0165df39212c0504242e3b6718fbaf1f1471e147ae87c68002fcad863161d844cc70a84027c3889b93c3b046dc19b22109b79b5b2d8a,08/30/2023 04:20:00 PM,1,DRIVER,,1570431,,UNKNOWN,MOTORIZED,XX,,NONE,MOPED OR MOTORIZED BICYCLE,UNKNOWN/NA,S,STRAIGHT AHEAD,,,1,,,,,,,,,,,,,,,,,,FRONT,,,,,,,,,,,,,,,,,,,,,,,,,,,,,,,,,
1649449,4a08f011debae0879d191cb1fc639d80311906798caa528b26e467c1b6774a6d43156b9130302a967aa379cccafef3247d28038ed381d54628d2fa389c58f9c3,08/29/2023 03:53:00 PM,1,DRIVER,,1569712,,HONDA,MOTORCYCLE,IL,2004,UNKNOWN,MOPED OR MOTORIZED BICYCLE,PERSONAL,N,STRAIGHT AHEAD,,,1,,,,,Y,,,,,,,,,,Y,Y,,FRONT,,,,,,,,,,,,,,,,,,,,,,,,,,,,,,,,,
1648138,0c25eec1ed4e317bd129a51481a52c4de1008f2bff4c0407c7b9861e3478774cfb264b4b00bdb4afe1c2868a36abbb262133f1f31d6af333b132d5f609006c89,08/27/2023 08:30:00 PM,1,DRIVER,,1568459,,COLEMAN,COLEMAN,IL,,UNKNOWN,MOPED OR MOTORIZED BICYCLE,PERSONAL,N,STRAIGHT AHEAD,,,1,,,,,,,,,,,,,,,,,Y,FRONT,,,,,,,,,,,,,,,,,,,,,,,,,,,,,,,,,
1647551,61fdeec7c131cb3322b25588d1af72f05ebdb58d6be2edf86bfdbe618f35586a714b4e7f18e636d292fccd1f3831b504f9c8d0ec720db528df46af52fc4df821,08/27/2023 05:31:00 AM,1,DRIVER,,1567903,,UNKNOWN,MOTORIZED,IL,,UNKNOWN,MOPED OR MOTORIZED BICYCLE,PERSONAL,S,STRAIGHT AHEAD,,,1,,,,,,,,,,,,,,,,,,UNKNOWN,,,,,,,,,,,,,,,,,,,,,,,,,,,,,,,,,
1646824,9b11a3266783a24bff334bf5812cfc480fa062ba2637f1e676881f06410888454ec362a61da950288450dc798c461a6f7f1d8498e03c0a8f66b06b398fdb3fa3,08/25/2023 10:50:00 PM,1,DRIVER,1,1567226,,UNKNOWN,MOTORIZED,IL,,UNKNOWN,MOPED OR MOTORIZED BICYCLE,PERSONAL,S,STRAIGHT AHEAD,,,2,,,,,,,,,,,,,,,,Y,,FRONT,,,,,,,,,,,,,,,,,,,,,,,,,,,,,,,,,
1644321,c341e16e5f04f62820afa942b47a6e45aa305b4dbcc1b2ccb05d05136974db5aac2df89127b0963b82baca710eb768eecc423d6691b0a427315d07bfdf9413e9,08/22/2023 12:20:00 PM,2,PARKED,,1564793,,UNKNOWN,OTHER (EXPLAIN IN NARRATIVE),IL,2022,NONE,MOPED OR MOTORIZED BICYCLE,NOT IN USE,S,PARKED,,,0,,,,,,,,,Y,,,,,,,,,SIDE-RIGHT-REAR,,,,,,,,,,,,,,,,,,,,,,,,,,,,,,,,,
1644193,30f99655242a9dda8bda625bd1d2d229144edd7fdc85af13cb62d6a217feef24cd4b4ec6e6fbc9e1f28d99273d09627795913425ec3a9d20715bd92a674c0ee3,08/21/2023 06:30:00 PM,1,DRIVER,,1564655,,"(HOMEMADE MOTORCYCLE, MOPED.ETC.)","(HOMEMADE MOTORCYCLE, MOPED.ETC.)",,,UNKNOWN,MOPED OR MOTORIZED BICYCLE,UNKNOWN/NA,N,STRAIGHT AHEAD,,,1,,,,,Y,,,,,,,,,,Y,Y,,FRONT,,,,,,,,,,,,,,,,,,,,,,,,,,,,,,,,,
1643281,2b34f1a1a421782eb2cf75c5ff56ecc238e5ad0bec4f4b980af514b59dfd8b28722b0663ded93362fd76b36b52e7a246358ea06530176c56e7bb334fb8a5ef29,08/21/2023 08:35:00 AM,1,DRIVER,,1563834,,UNKNOWN,MOTORIZED,IL,2022,UNKNOWN,MOPED OR MOTORIZED BICYCLE,PERSONAL,N,TURNING LEFT,,,1,,,,,,,,,,,,,,,,Y,,FRONT,,,,,,,,,,,,,,,,,,,,,,,,,,,,,,,,,
1643823,0fc41058e97b53c8fb58665b0163de66fdd8de991dbc9775ece10ab79cedea1932a88ccfb7b97354c2ad7b0cf175d57de48b60366201061c7cf69227f94977ea,08/20/2023 01:44:00 PM,1,DRIVER,,1564354,,UNKNOWN,MOTORIZED,,,NONE,MOPED OR MOTORIZED BICYCLE,PERSONAL,W,STRAIGHT AHEAD,,,1,,,,,,,,,,,,,,,,,,TOP,,,,,,,,,,,,,,,,,,,,,,,,,,,,,,,,,
1641066,193370357698e967855b98873e3339676c1aed3fb6d0d7bad872b8ea22f087338d1326488cd9a4f393a6bdc9dc3c913ff78c0c1969d6ae23318a19a99a12bc42,08/17/2023 08:23:00 PM,1,DRIVER,,1561714,,UNKNOWN,OTHER (EXPLAIN IN NARRATIVE),IL,,UNKNOWN,MOPED OR MOTORIZED BICYCLE,PERSONAL,S,STRAIGHT AHEAD,,,1,,,,,,,,,,,,,,,,Y,,FRONT,,,,,,,,,,,,,,,,,,,,,,,,,,,,,,,,,
1640728,211ae84800ca5aba15c68c802498b0d727c6dab9e78b600614106063c8397e43d5a19af748b60931619d524aa31850344aee84e62837056d84fc669ccc068c33,08/17/2023 01:30:00 PM,1,DRIVER,,1561368,,UNKNOWN,MOTORIZED,IL,1900,UNKNOWN,MOPED OR MOTORIZED BICYCLE,PERSONAL,S,ENTER FROM DRIVE/ALLEY,,,1,,,,,,,,,,,,,,,,Y,,FRONT,,,,,,,,,,,,,,,,,,,,,,,,,,,,,,,,,
1639527,887694878b4a28732efbc33f9717142fa47d54279ca7f7cf4250a6a84083c65882cf0f5b5ed58a4cc60a94a8dd801fa1f3ce48a626c423141d084b61e54e1e41,08/15/2023 05:06:00 PM,1,DRIVER,,1560223,,UNKNOWN,OTHER (EXPLAIN IN NARRATIVE),,,UNKNOWN,MOPED OR MOTORIZED BICYCLE,UNKNOWN/NA,E,UNKNOWN/NA,Y,,1,,STREETS AND SANITATION,,,,,,,,,,,,,,Y,,FRONT,,,,,,,,,,,,,,,,,,,,,,,,,,,,,,,,,
1638564,997ff607270be4c18983018d69df692fadc3336d3e1d6efae9a123653a268b9c077288f4aa732d3f78e3c5bd2cdf7fd672f57a6595fb3932e83c262bac9ac3d1,08/14/2023 12:00:00 PM,2,DRIVER,,1559309,,HONDA,OTHER (EXPLAIN IN NARRATIVE),IL,2009,NONE,MOPED OR MOTORIZED BICYCLE,PERSONAL,E,STRAIGHT AHEAD,,,1,,,,,,,,,,,,Y,Y,Y,,,,SIDE-LEFT-FRONT,,,,,,,,,,,,,,,,,,,,,,,,,,,,,,,,,
1637792,d8b40e3c0c0e35f6cd70d2e7a101c8c23efe071cecb2ee643380231caffd58f25eb7d4700375a561482e9d5f67b130a7f4f11283e00e5eab43d32c7a1b1c9959,08/12/2023 10:10:00 PM,2,DRIVER,,1558532,,UNKNOWN,OTHER (EXPLAIN IN NARRATIVE),IL,,NONE,MOPED OR MOTORIZED BICYCLE,PERSONAL,N,STRAIGHT AHEAD,,,1,,,,,,,,,,,,,,,,Y,,FRONT,,,,,,,,,,,,,,,,,,,,,,,,,,,,,,,,,
1637388,a91321277496746be5808cea0302854d39435064665bb04d855adcc24ce294f780d9307dd02b8a024beb4e93a566d4d075a926daa703a9641001ab9b07fae4bf,08/12/2023 11:20:00 AM,1,DRIVER,,1558150,,YAMAHA,YAMAHA,IL,2009,NONE,MOPED OR MOTORIZED BICYCLE,PERSONAL,E,PASSING/OVERTAKING,,,1,,,,,Y,Y,Y,Y,Y,,Y,Y,Y,Y,Y,,,SIDE-LEFT,,,,,,,,,,,,,,,,,,,,,,,,,,,,,,,,,