CRASH_UNIT_ID,CRASH_RECORD_ID,CRASH_DATE,UNIT_NO,UNIT_TYPE,NUM_PASSENGERS,VEHICLE_ID,CMRC_VEH_I,MAKE,MODEL,LIC_PLATE_STATE,VEHICLE_YEAR,VEHICLE_DEFECT,VEHICLE_TYPE,VEHICLE_USE,TRAVEL_DIRECTION,MANEUVER,TOWED_I,FIRE_I,OCCUPANT_CNT,EXCEED_SPEED_LIMIT_I,TOWED_BY,TOWED_TO,AREA_00_I,AREA_01_I,AREA_02_I,AREA_03_I,AREA_04_I,AREA_05_I,AREA_06_I,AREA_07_I,AREA_08_I,AREA_09_I,AREA_10_I,AREA_11_I,AREA_12_I,AREA_99_I,FIRST_CONTACT_POINT,CMV_ID,USDOT_NO,CCMC_NO,ILCC_NO,COMMERCIAL_SRC,GVWR,CARRIER_NAME,CARRIER_STATE,CARRIER_CITY,HAZMAT_PLACARDS_I,HAZMAT_NAME,UN_NO,HAZMAT_PRESENT_I,HAZMAT_REPORT_I,HAZMAT_REPORT_NO,MCS_REPORT_I,MCS_REPORT_NO,HAZMAT_VIO_CAUSE_CRASH_I,MCS_VIO_CAUSE_CRASH_I,IDOT_PERMIT_NO,WIDE_LOAD_I,TRAILER1_WIDTH,TRAILER2_WIDTH,TRAILER1_LENGTH,TRAILER2_LENGTH,TOTAL_VEHICLE_LENGTH,AXLE_CNT,VEHICLE_CONFIG,CARGO_BODY_TYPE,LOAD_TYPE,HAZMAT_OUT_OF_SERVICE_I,MCS_OUT_OF_SERVICE_I,HAZMAT_CLASS
1635720,b8bb715d9122a3e5ffda0433177507c4432bc3d1f92c1bc71a970262fdbbd6c99d8ecf5fbc390b300fee78d58e8ce36d50bfee5b802f725a1ed7340fd591f734,08/09/2023 05:52:00 PM,2,DRIVER,,1556561,,UNKNOWN,MOTORIZED,IL,,NONE,MOPED OR MOTORIZED BICYCLE,OTHER,W,STRAIGHT AHEAD,,,1,,,,,,,,,Y,Y,Y,,,,,,,REAR,,,,,,,,,,,,,,,,,,,,,,,,,,,,,,,,,
1635108,24117550cb1dc7476d4426a5179a53a64dccbf3091b8047bab699aca85b175c24d1413feb9433b12e9a4572f884ea8254a55c8fdacfbcf048f33331481ac15d5,08/08/2023 05:02:00 PM,1,DRIVER,,1555970,,UNKNOWN,MOTORIZED,,,UNKNOWN,MOPED OR MOTORIZED BICYCLE,UNKNOWN/NA,E,STRAIGHT AHEAD,,,1,,,,,,,,,,,,,,,,,,UNKNOWN,,,,,,,,,,,,,,,,,,,,,,,,,,,,,,,,,
1634776,2f86f1a2d031d212b9062bd644e8395504e14292dd82045218f77d55101c6e35b92cf73f5e465075b0db692544154af5b713305934ce06d6b2c9ee792d480783,08/08/2023 07:55:00 AM,1,DRIVER,,1555675,,UNKNOWN,OTHER (EXPLAIN IN NARRATIVE),IL,,UNKNOWN,MOPED OR MOTORIZED BICYCLE,PERSONAL,E,STRAIGHT AHEAD,,,1,,,,,,,,,,,,,,,,Y,,FRONT,,,,,,,,,,,,,,,,,,,,,,,,,,,,,,,,,
1634774,cae79340a56c4a5c047901e027e023ef9002862876e6a82e3625e3f398a21ade72e3ab36e336684a64a532786b8c925d9302f0d6eeaa7c91944200242f35fa17,08/08/2023 06:37:00 AM,1,DRIVER,,1555649,,UNKNOWN,OTHER (EXPLAIN IN NARRATIVE),,1900,UNKNOWN,MOPED OR MOTORIZED BICYCLE,PERSONAL,S,SKIDDING/CONTROL LOSS,Y,,1,,CITY OF CHICAGO,CITY POUND,,,,,,,,,,,,,,,FRONT,,,,,,,,,,,,,,,,,,,,,,,,,,,,,,,,,
1634161,3036d4ae4d44bc605f7cc4c8da0b0e614a9babbfa8204ca9eede809f4a21287b41bb3cd3e01aca4ac2a068c4de9b32b080daefaeab933057d64b549887c8ac44,08/06/2023 01:08:00 PM,2,DRIVER,,1555061,,UNKNOWN,MOTORIZED,IL,2017,UNKNOWN,MOPED OR MOTORIZED BICYCLE,PERSONAL,W,STRAIGHT AHEAD,Y,,1,,city tow,701 n sacramento,,,Y,Y,Y,Y,Y,Y,Y,Y,Y,,,,REAR-LEFT-CORNER,,,,,,,,,,,,,,,,,,,,,,,,,,,,,,,,,
1632660,c7859842b44d567cb8f335af4727497a8f53e979d0a503cf3bf8529c3da0cc731c45e5ea808e430aba3370fccc39bcfc61e0bb0078e6e871c9afc2185b27cfb3,08/05/2023 02:02:00 AM,1,DRIVER,,1553620,,UNKNOWN,ENGINE,IL,,UNKNOWN,MOPED OR MOTORIZED BICYCLE,PERSONAL,W,NEGOTIATING A CURVE,,,1,,,,,,,,,,,,,,,,Y,,FRONT,,,,,,,,,,,,,,,,,,,,,,,,,,,,,,,,,
1634199,ad6362fb66f724e45f1c090b61d0eceb9c5bb99fbfb35138102cfe4afeacbc32bde48618120690a06735a6bbaec826e7c0ebdb307725fa42b858460fc927c664,08/04/2023 01:00:00 AM,2,PARKED,,1555101,,"(HOMEMADE MOTORCYCLE, MOPED.ETC.)","(HOMEMADE MOTORCYCLE, MOPED.ETC.)",IL,2009,NONE,MOPED OR MOTORIZED BICYCLE,PERSONAL,W,PARKED,,,0,,,,,,,,,,,,,,,,,,UNKNOWN,,,,,,,,,,,,,,,,,,,,,,,,,,,,,,,,,
1628156,2186a2a3898a25371b583a7b3d474668521ec24d386c5ed24ddd56d5f3b930a5cb1b4db26f4230f3660f2a69a2d0cd1e8eae2a96a127b5833ab0670cc1ac14c5,07/29/2023 03:03:00 PM,2,PARKED,,1549363,,VESPA,GT SERIES,IL,2007,UNKNOWN,MOPED OR MOTORIZED BICYCLE,NOT IN USE,N,PARKED,,,0,,,,,Y,Y,Y,Y,,,,,Y,Y,,,,SIDE-LEFT,,,,,,,,,,,,,,,,,,,,,,,,,,,,,,,,,
1627628,44ea8a5c4244eb8e3f4ab7ef02f4dbdabde40b598e4c285d1651c197728563f0a66d822376283f46aa58f13580de933ec227b11ffbef1c2648a2b7c8b12ebe70,07/28/2023 08:30:00 PM,1,DRIVER,,1548848,,YAMAHA,OTHER (EXPLAIN IN NARRATIVE),,,UNKNOWN,MOPED OR MOTORIZED BICYCLE,PERSONAL,S,STRAIGHT AHEAD,,,1,,,,,N,,,,,,,,,,,,,FRONT,,,,,,,,,,,,,,,,,,,,,,,,,,,,,,,,,
1627084,e379c5052cc755202ef50cdc742fdd0f05c7f1d1c86519d7c150e8c3b61e98548d1143098adb3f69b0ffb74a0933e980bce9cab0ff336507716764cd3c479152,07/28/2023 09:05:00 AM,2,DRIVER,,1548349,,UNKNOWN,MOTORIZED,,,UNKNOWN,MOPED OR MOTORIZED BICYCLE,PERSONAL,E,STRAIGHT AHEAD,,,1,,,,,,,,,,,,,,,,,,UNKNOWN,,,,,,,,,,,,,,,,,,,,,,,,,,,,,,,,,
1624116,02357eb107b3b04039f17878a5cb9e4e83f2fc946a4fb50c7189192f410085d9977d2de0ae5a66c0a71ee8fd453225982897c4e7c1f332c9c172228ec201830c,07/23/2023 04:59:00 PM,1,DRIVER,,1545493,,"(HOMEMADE MOTORCYCLE, MOPED.ETC.)","(HOMEMADE MOTORCYCLE, MOPED.ETC.)",IL,,NONE,MOPED OR MOTORIZED BICYCLE,PERSONAL,S,SKIDDING/CONTROL LOSS,,,1,,,,,,,,,,,,,,,,Y,,FRONT,,,,,,,,,,,,,,,,,,,,,,,,,,,,,,,,,
1624018,282c8622edcbe0a3e762a2d54df5498543a8f2d3193f3cbbcf9bdcf83150bc5682ea6f5a5fbbce7d5248ad67f3d77572959e1a1eb94dd4398ab6a6439edf52f7,07/23/2023 11:55:00 AM,1,DRIVER,,1545402,,UNKNOWN,MOTORIZED,IL,2012,UNKNOWN,MOPED OR MOTORIZED BICYCLE,PERSONAL,N,TURNING RIGHT,Y,,1,,CITY OF CHICAGO,LOT,,Y,,,,Y,Y,Y,,Y,,Y,Y,,TOTAL (ALL AREAS),,,,,,,,,,,,,,,,,,,,,,,,,,,,,,,,,
1623126,fe2326219a19d2bcb0920955822d55b2bc383178f490b116bc44bcd016140e8db67d8519e0d590990010c3c5a382b78abce5e5d04dc010c053dabb54238afef4,07/22/2023 01:22:00 AM,1,DRIVER,,1544568,,"(HOMEMADE MOTORCYCLE, MOPED.ETC.)","(HOMEMADE MOTORCYCLE, MOPED.ETC.)",IL,,UNKNOWN,MOPED OR MOTORIZED BICYCLE,PERSONAL,E,DRIVING WRONG WAY,N,,1,,,,,,,,,,,,,,,,,,FRONT,,,,,,,,,,,,,,,,,,,,,,,,,,,,,,,,,
1623016,c2b4ec586dd05cfa061be31c7f42035defb77123bfd0ac434128c7633a354074cb602c1fd62c71d4e6f2fdf16720736e16a486d547ccece75cb476cb29fa488c,07/21/2023 09:36:00 PM,1,DRIVER,,1544490,,"(HOMEMADE MOTORCYCLE, MOPED.ETC.)","(HOMEMADE MOTORCYCLE, MOPED.ETC.)",IL,,UNKNOWN,MOPED OR MOTORIZED BICYCLE,PERSONAL,W,PASSING/OVERTAKING,,,1,,,,,,,,,,,,,,,,,Y,UNKNOWN,,,,,,,,,,,,,,,,,,,,,,,,,,,,,,,,,
1622514,199a2ce7d8d7919ba8bfbc6fa11f2697341a9657e419fe55f4057be48f5f023a32c6de104e0ce71d2a7186edbb9964f0275b8a7d4cd1563f35dd2e1251af1b9d,07/21/2023 09:50:00 AM,1,DRIVER,,1543989,,"(HOMEMADE MOTORCYCLE, MOPED.ETC.)","(HOMEMADE MOTORCYCLE, MOPED.ETC.)",IL,2019,NONE,MOPED OR MOTORIZED BICYCLE,PERSONAL,E,STRAIGHT AHEAD,Y,,1,,private,,,,,,,,,,,,,,Y,,FRONT,,,,,,,,,,,,,,,,,,,,,,,,,,,,,,,,,
1624428,29b06c7863e0e3e6c6f0385b574ed6169654c0f56c1725b588cf1d6dd469e98a86e6e4daebc2816ba01630194498d6c8a9d4eea750c11263de45018ee6b11d91,07/19/2023 01:00:00 PM,1,DRIVER,,1545795,,UNKNOWN,OTHER (EXPLAIN IN NARRATIVE),,,UNKNOWN,MOPED OR MOTORIZED BICYCLE,UNKNOWN/NA,NW,UNKNOWN/NA,,,1,,,,,,,,,,,,,,,Y,Y,,FRONT,,,,,,,,,,,,,,,,,,,,,,,,,,,,,,,,,
1620153,af07b1253ef66ea82ef92229085681659d06a91ffff64877f724f91f0af7ae0b21d456be666b942f32c8b4d5147be4a187549e0af8e1f8b43db97e7c6ca94533,07/17/2023 08:00:00 PM,1,DRIVER,,1541723,,YAMAHA,YAMAHA,IL,2018,UNKNOWN,MOPED OR MOTORIZED BICYCLE,PERSONAL,E,STRAIGHT AHEAD,,,1,,,,,,,,,,,,,,N,,,Y,SIDE-LEFT,,,,,,,,,,,,,,,,,,,,,,,,,,,,,,,,,
1619452,4fac976da733f384cab7e8c4336ff570d661aec903214b75217aa7f067313be2663dcf036237d1dd108501f531a8936ddf2adc8aa589f5c136ea430ad41abb0a,07/16/2023 10:41:00 PM,1,DRIVER,,1541051,,UNKNOWN,OTHER (EXPLAIN IN NARRATIVE),IL,2021,UNKNOWN,MOPED OR MOTORIZED BICYCLE,PERSONAL,E,TURNING RIGHT,,,1,,,,,,,,,,,,,,,Y,,,FRONT,,,,,,,,,,,,,,,,,,,,,,,,,,,,,,,,,
1614666,e7b5cbbe56e891685b6cd4bd8f2b12392db450ee6c40aec05b1885d11abad08009b03e45cb469b93d90d5cf5db7afcd2e93465acace5ac6badb07ad2dc59d3f4,07/09/2023 05:34:00 PM,2,DRIVER,,1536486,,UNKNOWN,ENGINE,,,UNKNOWN,MOPED OR MOTORIZED BICYCLE,PERSONAL,E,STRAIGHT AHEAD,,,1,,,,,Y,,,,,,,,,,Y,Y,,FRONT,,,,,,,,,,,,,,,,,,,,,,,,,,,,,,,,,
1610405,ba2f03640d0d3c5997b8288a2a4814e3efa267f1bc335955ef50e62214f3b55530c4d3602035099da2a2f6076ad156107dcf821274136c9d772f0e6cffef75f4,07/03/2023 02:24:00 PM,1,DRIVER,,1532456,,"(HOMEMADE MOTORCYCLE, MOPED.ETC.)","(HOMEMADE MOTORCYCLE, MOPED.ETC.)",,,UNKNOWN,MOPED OR MOTORIZED BICYCLE,PERSONAL,NW,DRIVING WRONG WAY,,,1,,,,,,,,,,,,,,,,,Y,FRONT,,,,,,,,,,,,,,,,,,,,,,,,,,,,,,,,,
1610229,7b91f88f3a68a4a8fb07a61533c1fc17a1f4e1488f58307d1a045db90a3efe943264a8ce91d510015812783c786fecbbfb28c1307303a43937fc0b39dcdace03,07/03/2023 10:01:00 AM,1,DRIVER,,1532332,,UNKNOWN,MOTORIZED,IL,,NONE,MOPED OR MOTORIZED BICYCLE,PERSONAL,S,AVOIDING VEHICLES/OBJECTS,,,1,,,,Y,,,,,,,,,,,,,,FRONT,,,,,,,,,,,,,,,,,,,,,,,,,,,,,,,,,
1606941,0121558e754744689868794ae943ac8d4bb094c85e599afeabc41a70e38bbb550b655b238d08e58d3e4edf4958685a6d41c544b52df7daf048032b33bebe6724,06/27/2023 11:45:00 PM,1,DRIVER,,1529124,,"(HOMEMADE MOTORCYCLE, MOPED.ETC.)","(HOMEMADE MOTORCYCLE, MOPED.ETC.)",IL,2018,UNKNOWN,MOPED OR MOTORIZED BICYCLE,PERSONAL,N,STRAIGHT AHEAD,,,1,,,,,Y,,,,,,,,,,Y,Y,,FRONT,,,,,,,,,,,,,,,,,,,,,,,,,,,,,,,,,
1604617,a60d40c7e5b9c47cb838488eaf9ea48340c54112de65d47284a43326e5f46e1b17a6f67ef2bb51476b4ec15a205fed3167e7653e3c2b15d194ba2982cf15e534,06/24/2023 01:50:00 PM,3,PARKED,,1526886,,UNKNOWN,MOTORIZED,,2015,NONE,MOPED OR MOTORIZED BICYCLE,PERSONAL,S,PARKED,,,0,,,,,,,,,,,,,,,,,,SIDE-LEFT-FRONT,,,,,,,,,,,,,,,,,,,,,,,,,,,,,,,,,
1604269,27c79e2554109e3a705b0ac4635453d59ab1b5b197b56bf530dad18820e9653c02c802ab9037b933bfcc34161fcd161248a16075a3d7b4dc7e194b6882e5ec79,06/24/2023 12:04:00 AM,1,DRIVER,,1526546,,"(HOMEMADE MOTORCYCLE, MOPED.ETC.)","(HOMEMADE MOTORCYCLE, MOPED.ETC.)",IL,,LIGHTS,MOPED OR MOTORIZED BICYCLE,PERSONAL,W,STRAIGHT AHEAD,,,1,,,,,,,,,,,,,,Y,Y,,,FRONT-LEFT-CORNER,,,,,,,,,,,,,,,,,,,,,,,,,,,,,,,,,
1603867,d83a6af428de5508c00425ce95d735c9754a407c3726673fe7b71dfc86708bc9e6c990c0461807a609a142cdd26c35ce9c0262894adc9f4ed8fdfc98d2160d41,06/23/2023 02:45:00 PM,1,DRIVER,,1526168,,UNKNOWN,OTHER (EXPLAIN IN NARRATIVE),,,UNKNOWN,MOPED OR MOTORIZED BICYCLE,PERSONAL,N,STRAIGHT AHEAD,,,1,,,,,,,,,,,,,,,,,,FRONT,,,,,,,,,,,,,,,,,,,,,,,,,,,,,,,,,
1603429,1f4b284ce0a72b21e4fae077afa3e674de75b93a985610b04f72fad16663a09d476cca1bd7ae634293a13973c8e4a2713a3f435808bb26d83e7f4c1bff1116c4,06/22/2023 11:00:00 PM,1,DRIVER,,1525753,,UNKNOWN,OTHER (EXPLAIN IN NARRATIVE),IL,,UNKNOWN,MOPED OR MOTORIZED BICYCLE,PERSONAL,N,SKIDDING/CONTROL LOSS,,,1,,,,,Y,,,,,,,,,,Y,Y,,FRONT,,,,,,,,,,,,,,,,,,,,,,,,,,,,,,,,,
1602153,7044971b5ade35c4a714fe0ccc39fbea381600ed1980d7a76f56dee696540aff673b6214440124f9b5931f6a84c0c29b506734e2320bb08cf7e8520c8cbe0e10,06/21/2023 09:29:00 AM,1,DRIVER,,1524530,,"(HOMEMADE MOTORCYCLE, MOPED.ETC.)","(HOMEMADE MOTORCYCLE, MOPED.ETC.)",IL,2023,OTHER,MOPED OR MOTORIZED BICYCLE,PERSONAL,S,STRAIGHT AHEAD,,,1,,,,,,,,,,,,,,,,Y,,FRONT,,,,,,,,,,,,,,,,,,,,,,,,,,,,,,,,,
1600521,c9741c8c2912d08f5e19794a4e7d3907f1a4b4ae394467e43c50f99d16e4e6b21d1a3ce38bc3e4a7923aa296d7d6d30dcf4d2a27a647dd213c8f3b2da2a7009d,06/18/2023 06:12:00 PM,1,DRIVER,,1522982,,UNKNOWN,OTHER (EXPLAIN IN NARRATIVE),IL,2020,UNKNOWN,MOPED OR MOTORIZED BICYCLE,PERSONAL,E,SKIDDING/CONTROL LOSS,,,1,,,,,Y,,,,,,,,,,Y,Y,,FRONT,,,,,,,,,,,,,,,,,,,,,,,,,,,,,,,,,
1598791,5da927d1c7c33ca93cf5cd1505780c26790df5c515bb28e89a61f242d5987d584c07694ba9b858050d4fe768c19a572994159bc72f9896819133814fd32e9151,06/15/2023 03:00:00 PM,1,DRIVER,,1521340,,UNKNOWN,MOTORIZED,,,UNKNOWN,MOPED OR MOTORIZED BICYCLE,UNKNOWN/NA,W,STRAIGHT AHEAD,,,1,,,,,,,,,,,,,,,,N,Y,FRONT,,,,,,,,,,,,,,,,,,,,,,,,,,,,,,,,,
1598808,b758e850dbc9c21dd6aa3b9302fa0bf0b175bc79d3b92db3a2e6b9ff433d566508e7e563df25f896879a415c5bf55e1d2f8838a3d1cff0012ac443db47ff7a6e,06/15/2023 01:37:00 PM,1,DRIVER,,1521376,,UNKNOWN,MOTORIZED,IL,2023,NONE,MOPED OR MOTORIZED BICYCLE,PERSONAL,N,STRAIGHT AHEAD,,,1,,,,,,,,,,,,,,,,Y,,FRONT,,,,,,,,,,,,,,,,,,,,,,,,,,,,,,,,,
1598088,eaa1ec372838733a472f68415bf9923c76d490fbc0dc2dc4ff045e9e5a81e4d48934701ea273922a4fec8573eb6d88807ab0b610ed20f1ec3b4e3c9bc7b8e707,06/15/2023 04:06:00 AM,5,PARKED,,1520666,,UNKNOWN,OTHER (EXPLAIN IN NARRATIVE),IL,2021,NONE,MOPED OR MOTORIZED BICYCLE,NOT IN USE,S,PARKED,,,0,,,,,,,,,,,,,,,,,Y,REAR,,,,,,,,,,,,,,,,,,,,,,,,,,,,,,,,,
1598069,76ad04b0855149fcfbd9b5d11952d9803960e2ade17461005ab48c3ec34b29b81277402b169d4c9117b7db819b7624e1b8cd18a954ed3a9cc2c6edb6b4bfac87,06/15/2023 01:13:00 AM,1,DRIVER,,1520647,,"GENERAL MOPED COMPANY (NEW YORK, NY)","GENERAL MOPED CO., NEW YORK, NY",XX,,UNKNOWN,MOPED OR MOTORIZED BICYCLE,PERSONAL,S,STRAIGHT AHEAD,,,1,,,,,,,,,,,,,,,,,Y,UNKNOWN,,,,,,,,,,,,,,,,,,,,,,,,,,,,,,,,,
1595159,7c0e68c11a3ae336f14177fbe2c1d786b5534a1f3597ffc30d4f7cfd06f50274dc47329a4406454ae91aa374442f759a51b08e1f0e5adb6baa796ac14b6e693f,06/10/2023 09:37:00 PM,1,DRIVER,,1517853,,"GENERAL MOPED COMPANY (NEW YORK, NY)","GENERAL MOPED CO., NEW YORK, NY",,,UNKNOWN,MOPED OR MOTORIZED BICYCLE,PERSONAL,W,TURNING RIGHT,,,1,,,,,Y,Y,Y,Y,Y,,,,Y,Y,Y,Y,,FRONT,,,,,,,,,,,,,,,,,,,,,,,,,,,,,,,,,
1601848,38d59cbb3b61642f82db4587b4ac1abebed71e1267763bbc31abbcef762af7bace9f4f9fc5ca5aba3e3738fab435dd5a1b3f2fb373a386892f32cfc30f1f6e3b,06/10/2023 08:04:00 PM,2,DRIVER,,1524292,,SCOOTALONG,SCOOTALONG,IL,2022,NONE,MOPED OR MOTORIZED BICYCLE,UNKNOWN/NA,N,STRAIGHT AHEAD,,,1,,,,,,,,,,,,,,,,,,UNKNOWN,,,,,,,,,,,,,,,,,,,,,,,,,,,,,,,,,
1594242,51304b9526797bbcc3d9360cb9073af451c726c7c45f686a3220d99ac1f6e49b0bd4edc75eedb1640aa9a65a844fc0a972168f21293a1dbd0675dd4b24597125,06/09/2023 04:22:00 PM,1,DRIVER,,1516975,,UNKNOWN,OTHER (EXPLAIN IN NARRATIVE),IL,,UNKNOWN,MOPED OR MOTORIZED BICYCLE,PERSONAL,S,STRAIGHT AHEAD,,,1,,,,,,,,,,,,,,,,,Y,SIDE-LEFT,,,,,,,,,,,,,,,,,,,,,,,,,,,,,,,,,
1593487,0db6424b1c6ec21864e0e5f61ebfb8b1a192970accc3f2572ef37c81600b21f69a66bca36ff712e0ce7ad7c65b47ff049fd1bad0e485eb2c118a1086d9bdc8fe,06/08/2023 01:56:00 PM,1,DRIVER,,1516261,,UNKNOWN,MOTORIZED,,2014,BRAKES,MOPED OR MOTORIZED BICYCLE,PERSONAL,E,STRAIGHT AHEAD,,,1,,,,Y,,,,,,,,,,,,,,FRONT,,,,,,,,,,,,,,,,,,,,,,,,,,,,,,,,,
1592737,a6019a7ddf1fc78bdc7dcaa3f53d36d0756d735533fe9cc6c9626d366653df05baab8f97650d5787fe7177e7c41ba6ae49fc0c2ae113ce6ac2ffb55451504f4c,06/07/2023 01:05:00 PM,1,DRIVER,1,1515529,,GENERAL,GENERAL,IL,2014,UNKNOWN,MOPED OR MOTORIZED BICYCLE,PERSONAL,N,STRAIGHT AHEAD,Y,,2,,city,auto pound,,Y,,,,,,,,,,Y,Y,,FRONT,,,,,,,,,,,,,,,,,,,,,,,,,,,,,,,,,
1590973,de800d2de2028923ef6db8081faa10ff4ac6d1caa8b5ae494a7c59f735aabde002131b0d9ab3ec0dc701381b8421c6935f216a3190f65f88815c8eae3c40df8f,06/04/2023 10:23:00 PM,2,DRIVER,,1513816,,"(HOMEMADE MOTORCYCLE, MOPED.ETC.)","(HOMEMADE MOTORCYCLE, MOPED.ETC.)",IL,2019,UNKNOWN,MOPED OR MOTORIZED BICYCLE,PERSONAL,S,STRAIGHT AHEAD,,,1,,,,Y,Y,,,,,,,,,,Y,Y,,FRONT,,,,,,,,,,,,,,,,,,,,,,,,,,,,,,,,,
1589298,3cd6b4b38bc14ba2def5f59a2e0aac6d234bcc88bca92a3e3d316c16f0347982a6fe5a179f5955e617fa5741da22a132cfd3e357f1a89a3ab01931e621eb8600,06/02/2023 04:42:00 PM,1,DRIVER,,1512230,,UNKNOWN,OTHER (EXPLAIN IN NARRATIVE),XX,,UNKNOWN,MOPED OR MOTORIZED BICYCLE,PERSONAL,E,UNKNOWN/NA,,,1,,,,,,,,,,,Y,Y,Y,Y,Y,,,SIDE-LEFT,,,,,,,,,,,,,,,,,,,,,,,,,,,,,,,,,
1588710,276de2992917176b6901e607cf88bb9da4b6eb6e60f2668873205f9b0345ce080d2ffd44d5834ae365b3dba2f7b67e02a7f4f0f0b4f22068dd861a172d31414c,06/01/2023 08:13:00 PM,1,DRIVER,,1511635,,"(HOMEMADE MOTORCYCLE, MOPED.ETC.)","(HOMEMADE MOTORCYCLE, MOPED.ETC.)",,,UNKNOWN,MOPED OR MOTORIZED BICYCLE,UNKNOWN/NA,S,STRAIGHT AHEAD,,,1,,,,,Y,,,,,,,,,,Y,Y,,FRONT,,,,,,,,,,,,,,,,,,,,,,,,,,,,,,,,,
1587100,2679be1fcd7075a51999ba9290e3700cad9ea8fba10258454d1e39a709e3bf0888029edf2e37b02738e1727c292594c70ad57dcb78a4d6d4aa62d1bd2587d24b,05/30/2023 07:30:00 PM,1,DRIVER,,1510074,,"GENERAL MOPED COMPANY (NEW YORK, NY)","GENERAL MOPED CO., NEW YORK, NY",,,NONE,MOPED OR MOTORIZED BICYCLE,OTHER,E,PASSING/OVERTAKING,,,1,,,,,,,,,,,,,,,,,Y,UNKNOWN,,,,,,,,,,,,,,,,,,,,,,,,,,,,,,,,,
1586527,93b26e5496aad738103401e9c0d57951dab06336fa879e815ba6ad6b52b81be0f17ac7d98ba312498b77d6b7cd4a9cd53695131debd910c6084e05d9ae28bb92,05/30/2023 08:56:00 AM,1,DRIVER,,1509540,,"GENERAL MOPED COMPANY (NEW YORK, NY)","GENERAL MOPED CO., NEW YORK, NY",IL,2023,NONE,MOPED OR MOTORIZED BICYCLE,PERSONAL,E,DRIVING WRONG WAY,,,1,,,,,Y,,,,,,,,,,Y,Y,,FRONT,,,,,,,,,,,,,,,,,,,,,,,,,,,,,,,,,
1584415,9b2f6f28920d8d195e56aa9aee8645266915a3e6052483c686f1139366a71f4fbbcacb275de6acbf244244357254ccfcc8138f9f027fe925721de852e81fa269,05/26/2023 05:07:00 PM,1,DRIVER,,1507471,,UNKNOWN,MOTORIZED,,2018,UNKNOWN,MOPED OR MOTORIZED BICYCLE,UNKNOWN/NA,W,STRAIGHT AHEAD,Y,,1,,city of chicago,pound 4,,,,,,,,,,,,,,,FRONT,,,,,,,,,,,,,,,,,,,,,,,,,,,,,,,,,
1584231,d0a8b728602011fb2ec5c287ec075d250a36c735281704edf294dffc424b2bf8b1b1acda34ef38487e038a09eb159d11b1cbf7085acb90909caf6b3680c9d935,05/26/2023 02:30:00 PM,2,DRIVER,,1507311,,UNKNOWN,OTHER (EXPLAIN IN NARRATIVE),,,UNKNOWN,MOPED OR MOTORIZED BICYCLE,OTHER,N,OTHER,,,1,,,,,,,,,,,,,,,,,Y,UNKNOWN,,,,,,,,,,,,,,,,,,,,,,,,,,,,,,,,,