CRASH_UNIT_ID,CRASH_RECORD_ID,CRASH_DATE,UNIT_NO,UNIT_TYPE,NUM_PASSENGERS,VEHICLE_ID,CMRC_VEH_I,MAKE,MODEL,LIC_PLATE_STATE,VEHICLE_YEAR,VEHICLE_DEFECT,VEHICLE_TYPE,VEHICLE_USE,TRAVEL_DIRECTION,MANEUVER,TOWED_I,FIRE_I,OCCUPANT_CNT,EXCEED_SPEED_LIMIT_I,TOWED_BY,TOWED_TO,AREA_00_I,AREA_01_I,AREA_02_I,AREA_03_I,AREA_04_I,AREA_05_I,AREA_06_I,AREA_07_I,AREA_08_I,AREA_09_I,AREA_10_I,AREA_11_I,AREA_12_I,AREA_99_I,FIRST_CONTACT_POINT,CMV_ID,USDOT_NO,CCMC_NO,ILCC_NO,COMMERCIAL_SRC,GVWR,CARRIER_NAME,CARRIER_STATE,CARRIER_CITY,HAZMAT_PLACARDS_I,HAZMAT_NAME,UN_NO,HAZMAT_PRESENT_I,HAZMAT_REPORT_I,HAZMAT_REPORT_NO,MCS_REPORT_I,MCS_REPORT_NO,HAZMAT_VIO_CAUSE_CRASH_I,MCS_VIO_CAUSE_CRASH_I,IDOT_PERMIT_NO,WIDE_LOAD_I,TRAILER1_WIDTH,TRAILER2_WIDTH,TRAILER1_LENGTH,TRAILER2_LENGTH,TOTAL_VEHICLE_LENGTH,AXLE_CNT,VEHICLE_CONFIG,CARGO_BODY_TYPE,LOAD_TYPE,HAZMAT_OUT_OF_SERVICE_I,MCS_OUT_OF_SERVICE_I,HAZMAT_CLASS
1588844,3d2446dca12c9fbfbdb755ed8ce13b758edfa92e0a04c21e7427e8afe47039bb3b151d8e43f48f38902addb0a40a0d32c70f07d470082b222432c5fc54698343,05/23/2023 08:00:00 AM,1,DRIVER,,1511827,,UNKNOWN,MOTORIZED,,,UNKNOWN,MOPED OR MOTORIZED BICYCLE,UNKNOWN/NA,UNKNOWN,STRAIGHT AHEAD,,,1,,,,,,,,,,,,,,,,N,Y,FRONT,,,,,,,,,,,,,,,,,,,,,,,,,,,,,,,,,
1577311,d9fbdbbaf77ce5d6024aa8a42165fc093e1d6da652525216435b67b6abe677c7cc962504b9d02f1238d82f51aa3aff423f4df04a225e6bf6ec8801da46a06253,05/16/2023 06:21:00 PM,1,DRIVER,,1500620,,COLEMAN,COLEMAN,,,UNKNOWN,MOPED OR MOTORIZED BICYCLE,UNKNOWN/NA,N,STRAIGHT AHEAD,,,1,,,,,,,,,,,,,,,,Y,Y,FRONT,,,,,,,,,,,,,,,,,,,,,,,,,,,,,,,,,
1575987,0f16b89a971ba11cf1a74bba5f17601d19661547d1d5058dd041d4d1825bf389e69e66617dcf0f253e2b86a2b188d559419a7c86f7f91945baa159f00bcb39e0,05/14/2023 04:39:00 PM,1,DRIVER,,1499325,,UNKNOWN,MOTORIZED,IL,,UNKNOWN,MOPED OR MOTORIZED BICYCLE,PERSONAL,N,PASSING/OVERTAKING,,,1,,,,,,,,,,,,,,,,,Y,FRONT,,,,,,,,,,,,,,,,,,,,,,,,,,,,,,,,,
1570538,1baf72db6cca94a01c6a0e45b8ad6e3ff9c909306aa80152a9b7d1252f0e613537770beca896959f337f566e598b7bf7b1c72531abd6ca1e3f59636e30c25e78,05/07/2023 12:01:00 PM,1,DRIVER,,1494056,,TRIUMPH,OTHER (EXPLAIN IN NARRATIVE),IL,2014,NONE,MOPED OR MOTORIZED BICYCLE,PERSONAL,W,CHANGING LANES,,,1,,,,,Y,Y,Y,Y,Y,,,,,Y,Y,Y,,FRONT-LEFT-CORNER,,,,,,,,,,,,,,,,,,,,,,,,,,,,,,,,,
1569500,41d1e7961e2a0c6ee5139464413f10b33a78d001db678224d9094ba5e5942193fac80c7e360fa9a8dd6794d245f2c63d451421b8b944470c1f6d45fba638b210,05/05/2023 08:05:00 PM,2,DRIVER,,1493064,,HARLEY-DAVIDSON,HARLEY-DAVIDSON,IL,2001,UNKNOWN,MOPED OR MOTORIZED BICYCLE,PERSONAL,UNKNOWN,STRAIGHT AHEAD,,,1,,,,,,,,,,,,,Y,,,Y,,FRONT,,,,,,,,,,,,,,,,,,,,,,,,,,,,,,,,,
1569773,37a2b501faf1289e0dce6ee58d3e17b668e34dbeb550cf7d399e81974b0a9bafc14eaab32a3ee382a40ca918dd27493302088d57b0da638644278c9da25a752b,05/05/2023 01:00:00 PM,1,DRIVER,,1493323,,VESPA,OTHER (EXPLAIN IN NARRATIVE),IL,,NONE,MOPED OR MOTORIZED BICYCLE,UNKNOWN/NA,E,STRAIGHT AHEAD,,,1,,,,,Y,,,,,,,,,,Y,Y,,FRONT,,,,,,,,,,,,,,,,,,,,,,,,,,,,,,,,,
1565689,6d0bd6a93a457f285b5f98d6d38e441b9bae0177c74994b5b8951f699152520ba282aed835ce34caae40689d173f316bd3e2642ca85e057f494db764e728f665,04/30/2023 01:30:00 PM,1,DRIVER,,1489368,,YAMAHA,YAMAHA,IL,,UNKNOWN,MOPED OR MOTORIZED BICYCLE,PERSONAL,S,STRAIGHT AHEAD,,,1,,,,,,,,,,,,,,,,,Y,UNKNOWN,,,,,,,,,,,,,,,,,,,,,,,,,,,,,,,,,
1563998,01ac0e5b23174221d40c9404b04d13fa5a110547b6d7a1f6c261008d78a2473b8a497634455656664d03fb53319b2e7a0e6025f0960aba9d7caeb6884184652c,04/27/2023 06:22:00 PM,2,PARKED,,1487725,,UNKNOWN,OTHER (EXPLAIN IN NARRATIVE),IL,2021,NONE,MOPED OR MOTORIZED BICYCLE,NOT IN USE,W,PARKED,,,0,,,,,,,Y,,,,,,,,,,,SIDE-LEFT,,,,,,,,,,,,,,,,,,,,,,,,,,,,,,,,,
1563702,823ede066c3e582368987e168f4cd34b05e7321ef27bc8fd88325a527f72e1f6cee5281cb345f7188e09100506ba4c97fa1b26ab7132a1f9dc70be4b50ad09ea,04/27/2023 01:14:00 PM,1,DRIVER,,1487430,,"(HOMEMADE MOTORCYCLE, MOPED.ETC.)","(HOMEMADE MOTORCYCLE, MOPED.ETC.)",IL,2008,NONE,MOPED OR MOTORIZED BICYCLE,PERSONAL,N,CHANGING LANES,,,1,,,,,,,,,,,,,,,Y,,,FRONT-LEFT-CORNER,,,,,,,,,,,,,,,,,,,,,,,,,,,,,,,,,
1564352,8ba2a2f0fb5fa3ddd31c5b2594f23fb3c97a5ed119fd710f23091935487e9ae8817fa6b5104879a60a1097c1f41be0da0c27ded8eed2d94ed385187c2185c992,04/26/2023 06:00:00 PM,1,DRIVER,,1488080,,VESPA,OTHER (EXPLAIN IN NARRATIVE),IL,2022,NONE,MOPED OR MOTORIZED BICYCLE,PERSONAL,W,STRAIGHT AHEAD,Y,,1,,unit 2,home,,,,,,,,,,,,,Y,Y,FRONT,,,,,,,,,,,,,,,,,,,,,,,,,,,,,,,,,
1563202,0fd3ebd5cc5fd504748f8cda91c1f303651dfd573c153fa44157e7b27fae98aafd551ee3e5dc0666cbece584e84a17f96b5e9cb28354c90d31b083dda3ff074a,04/26/2023 04:56:00 PM,2,DRIVER,,1487026,,UNKNOWN,MOTORIZED,IL,2023,NONE,MOPED OR MOTORIZED BICYCLE,PERSONAL,N,STRAIGHT AHEAD,,,1,,,,,,,,,,,,,,,,Y,,FRONT,,,,,,,,,,,,,,,,,,,,,,,,,,,,,,,,,
1563180,8d1991ae457aa9d2d9cbc5f26853e3ad0e462eeb5a53fef5772c1160fc8f95710ff875b15527e33af097deeee206e3517d45a211aa88b45b143c1f7f4c916a19,04/26/2023 04:15:00 PM,1,DRIVER,,1486927,,UNKNOWN,MOTORIZED,,,NONE,MOPED OR MOTORIZED BICYCLE,PERSONAL,N,STRAIGHT AHEAD,,,1,,,,,,,,,,,,,,,,Y,,FRONT,,,,,,,,,,,,,,,,,,,,,,,,,,,,,,,,,
1561781,74cad9e2df98ba6e3ac97e04d4357ad71e99b7489c19ac3114f5026f3581d2346962a5fd75a9d3c5ce3007d51c5ec99437a4f47f8e05b53ce6d1c73161517d75,04/24/2023 04:50:00 PM,1,DRIVER,,1485633,,UNKNOWN,OTHER (EXPLAIN IN NARRATIVE),,,UNKNOWN,MOPED OR MOTORIZED BICYCLE,PERSONAL,E,TURNING LEFT,,,1,,,,,,,,,,,,,,,,N,,TOTAL (ALL AREAS),,,,,,,,,,,,,,,,,,,,,,,,,,,,,,,,,
1561125,d079d7bdbd29681eabbd2f56ef8897806cc0f3741e756846bf6ea9ee294671282dc38b3153baba8d0b1026244316e473ff908240b77eb0d8e4caed47fac64ec7,04/23/2023 08:36:00 PM,1,DRIVER,,1484946,,UNKNOWN,MOTORIZED,IL,,UNKNOWN,MOPED OR MOTORIZED BICYCLE,PERSONAL,E,STRAIGHT AHEAD,Y,,1,,PERSONAL,UNKNOWN,,,,,,,,,,,,,Y,,FRONT,,,,,,,,,,,,,,,,,,,,,,,,,,,,,,,,,
1560958,f824b7828b8af4a5f2d890a534799dd5c0fd7fc47069df01b4e8c9176a0ee23e14535e3221eaf0759ce7a1870f989bb2f0b237907cbc2f57dcae665621417f92,04/21/2023 07:00:00 PM,2,PARKED,,1484770,,YAMAHA,OTHER (EXPLAIN IN NARRATIVE),IL,2007,NONE,MOPED OR MOTORIZED BICYCLE,PERSONAL,E,PARKED,,,0,,,,,,,,,,,,,,,,Y,,FRONT,,,,,,,,,,,,,,,,,,,,,,,,,,,,,,,,,
1558756,0a1be71ea87aac357b122086954f6d6ac1066028ae7ee0ac3c7a404922b7d1a46600d4a675721e74cecc810ac5881023a61eb6118fd337ec77a3b05cd933eed8,04/20/2023 05:55:00 AM,4,PARKED,,1482670,,UNKNOWN,OTHER (EXPLAIN IN NARRATIVE),IL,2017,UNKNOWN,MOPED OR MOTORIZED BICYCLE,NOT IN USE,W,PARKED,,,0,,,,,,,Y,,,,,,Y,,,,,SIDE-LEFT,,,,,,,,,,,,,,,,,,,,,,,,,,,,,,,,,
1558204,79891d840bf7135b1f16aae5c348d34bdbf29281df00c2d98b0c4cd4f422185468240cccace36e7dfbced337792b3fdf3c38ea0fe5bb27521c2c96a8c47cb056,04/19/2023 09:00:00 AM,2,PARKED,,1482104,,YOUNG CORPORATION,YOUNG CORP.,,2022,UNKNOWN,MOPED OR MOTORIZED BICYCLE,UNKNOWN/NA,UNKNOWN,PARKED,,,0,,,,,Y,Y,,,,,,,,Y,Y,Y,,UNKNOWN,,,,,,,,,,,,,,,,,,,,,,,,,,,,,,,,,
1554288,b87752a1fada7f2a8a1edee2310c625c7601f2862ebdff399024c2adf8fb0c78d59456c1ace5910d26c5767946e5319a7966f123e27ec15477605c50e83e43ef,04/13/2023 06:15:00 PM,1,DRIVER,,1478318,,BMW,BMW,IN,2010,UNKNOWN,MOPED OR MOTORIZED BICYCLE,UNKNOWN/NA,W,TURNING LEFT,,,1,,,,,,,,,,,,,,,,Y,,FRONT,,,,,,,,,,,,,,,,,,,,,,,,,,,,,,,,,
1554193,7ecaa1252a025ee2e87d5706664255fd368e9f847071c26bc2a75de93aaf69472d92e3bbde45c0dd416bd99200c9ab5606eceadbb7c6b10771a1d1c8022b2435,04/13/2023 05:03:00 PM,2,DRIVER,,1478210,,SCOOTALONG,SCOOTALONG,IL,,NONE,MOPED OR MOTORIZED BICYCLE,PERSONAL,S,STRAIGHT AHEAD,,,1,,,,,,,,,,Y,,,,,,,,REAR,,,,,,,,,,,,,,,,,,,,,,,,,,,,,,,,,
1552744,8d3470cedf4a28a4904a4eb97d0beb9d50047da59f222143bbe8738597bfce194e1d4567057526b0e7ef0ea839dd05f84bfa4ead0480d93c8175248834fdfec9,04/11/2023 05:06:00 PM,5,PARKED,,1476864,,HONDA,MOTORCYCLE,IL,2012,NONE,MOPED OR MOTORIZED BICYCLE,PERSONAL,S,PARKED,,,0,,,,,,,Y,Y,,,,Y,Y,,,,,SIDE-LEFT,,,,,,,,,,,,,,,,,,,,,,,,,,,,,,,,,
1552186,2d71abf41b2c3ac6ffb199ab27bdb789896e0b200e439fa5125bb8b1be29ab800ea75d6c29a40e68b35233d20af38c6d91b1a6c68d2a163ab1a904759e740afd,04/10/2023 06:00:00 PM,1,DRIVER,,1476293,,UNKNOWN,OTHER (EXPLAIN IN NARRATIVE),IL,,UNKNOWN,MOPED OR MOTORIZED BICYCLE,PERSONAL,S,ENTER FROM DRIVE/ALLEY,,,1,,,,,,,,,,,,,,,,Y,,FRONT,,,,,,,,,,,,,,,,,,,,,,,,,,,,,,,,,
1554820,538cc732f8c5a6bdb489a139a2391fd8288a9ab77db8de80556941a99c58b477c11ea66ac499ccb3651188cb83d580cebdc9888deb10f3a395e208f3bba8b04a,04/06/2023 12:30:00 PM,2,PARKED,,1478811,,"(HOMEMADE MOTORCYCLE, MOPED.ETC.)","(HOMEMADE MOTORCYCLE, MOPED.ETC.)",IL,2022,NONE,MOPED OR MOTORIZED BICYCLE,PERSONAL,E,PARKED,,,0,,,,,,,,,,Y,,Y,Y,Y,,,,UNKNOWN,,,,,,,,,,,,,,,,,,,,,,,,,,,,,,,,,
1549667,529fcb53480173878421cb4751c227329e5893006680de8bbe30e9f319eea3f79222d6513282f1acd147d044b1b6e9504d5986dc8d010c31dd03686e07f49db1,04/05/2023 04:30:00 PM,2,DRIVER,,1473857,,YAMAHA,OTHER (EXPLAIN IN NARRATIVE),,,NONE,MOPED OR MOTORIZED BICYCLE,PERSONAL,E,STRAIGHT AHEAD,,,1,,,,,,,,,,,,,,,,Y,,FRONT,,,,,,,,,,,,,,,,,,,,,,,,,,,,,,,,,
1545516,ebfd833bf96fa6a814d05c60aab5e5d21cdd7d893c8be860aea3f942c3a27c288eab63bc453a054fb7f11a47efbcc5519be200a992bef76e150919788f05f250,03/30/2023 06:15:00 PM,1,DRIVER,,1469838,,"GENERAL MOPED COMPANY (NEW YORK, NY)","GENERAL MOPED CO., NEW YORK, NY",IL,,UNKNOWN,MOPED OR MOTORIZED BICYCLE,PERSONAL,N,PASSING/OVERTAKING,,,1,,,,,,,,,,,,,,,,,Y,FRONT,,,,,,,,,,,,,,,,,,,,,,,,,,,,,,,,,
1529816,5b16104d2f909c3cc5569fbc1e877b6b6b4d4773ef92b00c0e4b154082c5b65ba4eb19adf8684e7b028afbe409e7bd8928adf1ca8cd331672e561146a2e2ea55,03/05/2023 05:48:00 PM,1,DRIVER,,1454708,,UNKNOWN,OTHER (EXPLAIN IN NARRATIVE),,,NONE,MOPED OR MOTORIZED BICYCLE,PERSONAL,S,STRAIGHT AHEAD,,,1,,,,,Y,,,,,,,,,,Y,Y,,FRONT,,,,,,,,,,,,,,,,,,,,,,,,,,,,,,,,,
1517441,eef68ee6c25f570c22f4af4fd6a468a08e90474aeaba8dd2dd7b1452eafac18421e41eda4429d6b254ece027a09493290c5dfe8fa39f9e0f33017eec582e4e77,02/13/2023 04:30:00 PM,1,DRIVER,,1442844,,"(HOMEMADE MOTORCYCLE, MOPED.ETC.)","(HOMEMADE MOTORCYCLE, MOPED.ETC.)",IL,2022,NONE,MOPED OR MOTORIZED BICYCLE,PERSONAL,S,STRAIGHT AHEAD,,,1,,,,,Y,,,,,,,,,,,,,FRONT-RIGHT-CORNER,,,,,,,,,,,,,,,,,,,,,,,,,,,,,,,,,
1510674,97103fa7dd2ad9141a0257a9b459d5ded18888e119b770d9b51ad19fc02d045e6703f37a3a8ad901b1c41ef1d6d418e093c423559a99a74142410bd1a4d7c79b,02/02/2023 09:37:00 PM,1,DRIVER,,1436273,,ELECTRIC CYCLE,ELECTRIC CYCLE,IL,,UNKNOWN,MOPED OR MOTORIZED BICYCLE,PERSONAL,N,PASSING/OVERTAKING,,,1,,,,,,,,,,,,,,,,Y,,FRONT,,,,,,,,,,,,,,,,,,,,,,,,,,,,,,,,,
1504500,387a2c0ff3b28f6451e56917ea0933e0b633fb1517ade204f643039cbe25b5a4560cf530ecd50f9e389bcdda0479d8b0da4ed94e300947c9dce17aa028124d54,01/20/2023 01:00:00 PM,1,DRIVER,,1430353,,HONDA,MOTORCYCLE,XX,1979,UNKNOWN,MOPED OR MOTORIZED BICYCLE,PERSONAL,UNKNOWN,STRAIGHT AHEAD,,,1,,,,Y,,,,,,,,,,,,,,UNKNOWN,,,,,,,,,,,,,,,,,,,,,,,,,,,,,,,,,
1500688,0a4cf4a9670c94b6d6b0524275821bd915e28b5684eab6fc4131c9b5300ae865c85090502150377360ff8eba15d1afe0397a85596278e64a55c276b5c00ad92f,01/18/2023 09:05:00 AM,1,DRIVER,,1426701,,HONDA,OTHER (EXPLAIN IN NARRATIVE),,2014,UNKNOWN,MOPED OR MOTORIZED BICYCLE,PERSONAL,S,STRAIGHT AHEAD,,,1,,,,,,,,,,,Y,Y,Y,Y,,,,SIDE-LEFT,,,,,,,,,,,,,,,,,,,,,,,,,,,,,,,,,
1492811,f59dd29bbfbdf5d7718ef22a2d8dbba7d3f461b3736786a65be94e41d8e217136b616f3011aafea0e371b992d56bce5bc791db376e53c37baa557b8702d8b21d,01/03/2023 09:00:00 AM,2,PARKED,,1419103,,UNKNOWN,OTHER (EXPLAIN IN NARRATIVE),IL,2022,NONE,MOPED OR MOTORIZED BICYCLE,PERSONAL,W,PARKED,,,0,,,,,,,,,,,,,,,,,,OTHER,,,,,,,,,,,,,,,,,,,,,,,,,,,,,,,,,
1476721,b20b03169174bf696c178595e611d3e5e19cf3f5cd985da6ecd80549691ddd09c7852d091c52862fe9c9ca01368f93b351ffa89c173ebba837af7449626353b9,12/08/2022 05:06:00 PM,1,DRIVER,,1403656,,UNKNOWN,MOTORIZED,,,UNKNOWN,MOPED OR MOTORIZED BICYCLE,UNKNOWN/NA,N,PASSING/OVERTAKING,,,1,,,,,,,,,,,,,,,N,,Y,UNKNOWN,,,,,,,,,,,,,,,,,,,,,,,,,,,,,,,,,
1475247,08c067a63ffbcb357e2a32240ece4910ab4285d6f32d1259da32fe0730368053ed84918e85fd145affdd18a5981a621bac2eb9e044478e8e0aebe5d59198d286,12/05/2022 10:46:00 PM,2,DRIVER,,1402228,,UNKNOWN,OTHER (EXPLAIN IN NARRATIVE),IL,2018,NONE,MOPED OR MOTORIZED BICYCLE,PERSONAL,N,STRAIGHT AHEAD,Y,Y,1,,STREETS AND SANITATION,400 E LOWER WACKER,,,,,,,,,,,,,,,UNKNOWN,,,,,,,,,,,,,,,,,,,,,,,,,,,,,,,,,
1475084,c4e5d5a0fd272fcaa9010218d0483780c068219cfd0688eceb432fbdaf5d4bf201256d2131b05a3ed904ef2f7148b96309998982bf4ff49a0302a0a153c88978,12/05/2022 04:56:00 PM,1,DRIVER,,1402067,,UNKNOWN,OTHER (EXPLAIN IN NARRATIVE),IL,1900,UNKNOWN,MOPED OR MOTORIZED BICYCLE,PERSONAL,S,STRAIGHT AHEAD,,,1,,,,,,,,,,,,,,,,,Y,UNKNOWN,,,,,,,,,,,,,,,,,,,,,,,,,,,,,,,,,
1494020,94bf404007240d706892e30ac18f6f664fa3c8238bde49aa1e5cc3481bdb094f873f03eb7524524a55abe69a13285c965fd6b179436a3f1d863aa48041835341,12/01/2022 05:12:00 PM,2,DRIVER,,1420277,,"(HOMEMADE MOTORCYCLE, MOPED.ETC.)","(HOMEMADE MOTORCYCLE, MOPED.ETC.)",IL,2009,UNKNOWN,MOPED OR MOTORIZED BICYCLE,UNKNOWN/NA,UNKNOWN,UNKNOWN/NA,Y,,1,,,POUND 1 SOUTH,,,,,,,,,,,,,,Y,UNKNOWN,,,,,,,,,,,,,,,,,,,,,,,,,,,,,,,,,
1476121,54118a77b7cb57c8bc684994b96ad2d5b08d8f6e0de58589b51edb7f1a08f42120d7216bf3adc85baf10e0ccf42ca1ed6f65c28bf1879e0eb933664908614435,11/29/2022 04:45:00 PM,2,DRIVER,,1403079,,HONDA,OTHER (EXPLAIN IN NARRATIVE),IL,1983,UNKNOWN,MOPED OR MOTORIZED BICYCLE,PERSONAL,W,STRAIGHT AHEAD,,,1,,,,,,,,,,,,,,,Y,Y,,FRONT,,,,,,,,,,,,,,,,,,,,,,,,,,,,,,,,,
1467596,40d747db900633814c55a3740c4f75b16c7292336042a57d379fe9962251eef06b8f26b81fc88bdc4fb34d2d96214ab1710f7d9c04279bece9c77ce87724707b,11/22/2022 08:40:00 PM,2,DRIVER,,1394941,,UNKNOWN,OTHER (EXPLAIN IN NARRATIVE),IL,2014,UNKNOWN,MOPED OR MOTORIZED BICYCLE,PERSONAL,N,STRAIGHT AHEAD,,,1,,,,,,,,,,,,,,,,Y,,FRONT,,,,,,,,,,,,,,,,,,,,,,,,,,,,,,,,,
1472034,70967878fa539cd3a82664fee78f8040884129df36284e5ab877c6e9f3e939433d82cc00d6df8ffb50d7f2a6ca32120721a48b24d2d98be0df812cf5812c1084,11/20/2022 08:00:00 PM,2,PARKED,,1399138,,VESPA,GTS SERIES,IL,2020,NONE,MOPED OR MOTORIZED BICYCLE,NOT IN USE,UNKNOWN,PARKED,Y,,0,,OWNER,UNK,,Y,Y,Y,Y,Y,,Y,Y,Y,Y,Y,,,SIDE-LEFT,,,,,,,,,,,,,,,,,,,,,,,,,,,,,,,,,
1458755,7ada4b9036c6b049f5a8c3a054460bad08b37905b9b141d2ce6ac04b3db02ed4f70d40492fcda0fcad0ac1f8ad932a3bcb70b07e553899606ffc849b5e31bca9,11/09/2022 06:36:00 PM,1,DRIVER,,1386394,,APOLLO HOMES,APOLLO HOMES,,2020,UNKNOWN,MOPED OR MOTORIZED BICYCLE,PERSONAL,N,STRAIGHT AHEAD,Y,,1,,city of chicago,,,Y,,,,,,,,,,Y,Y,,FRONT,,,,,,,,,,,,,,,,,,,,,,,,,,,,,,,,,
1457445,1a0570a665d18e2e95ac55a91b353dc64ab2a81d8bcc1b17c5f51ab9bf5be127059bcf447a12024b9ead5ee9edffec53dab3e5270d68cde226245c88c3f35577,11/07/2022 05:40:00 PM,1,DRIVER,,1385122,,UNKNOWN,OTHER (EXPLAIN IN NARRATIVE),,,UNKNOWN,MOPED OR MOTORIZED BICYCLE,UNKNOWN/NA,W,TURNING LEFT,,,1,,,,,,,,,,,,,,,Y,,,FRONT-LEFT-CORNER,,,,,,,,,,,,,,,,,,,,,,,,,,,,,,,,,
1447887,6f7190309bae4ddae6b816e7a661284676afd6782e4d27f9decf2760dbe49f187693134f1b592907be0d193ca10e6b9397e6b005f91c70062cb69878727bed41,10/25/2022 09:45:00 AM,1,DRIVER,,1376096,,UNKNOWN,OTHER (EXPLAIN IN NARRATIVE),IL,2022,NONE,MOPED OR MOTORIZED BICYCLE,PERSONAL,N,STRAIGHT AHEAD,,,1,,,,,,,,,,,,,,,,Y,,FRONT,,,,,,,,,,,,,,,,,,,,,,,,,,,,,,,,,
1447616,302dad7fddad32ce6e177b65ef9f35609e9c28310ed5219a22c75a1a596cd661f490f428d58e88acb2a982b438642a6d58575d0b69a7dfb8cc14d45f92cf8ed0,10/24/2022 08:44:00 PM,2,DRIVER,,1375843,,UNKNOWN,MOTORIZED,IL,,NONE,MOPED OR MOTORIZED BICYCLE,PERSONAL,W,STRAIGHT AHEAD,,,1,,,,,,,,,,,,,Y,,,N,,SIDE-LEFT,,,,,,,,,,,,,,,,,,,,,,,,,,,,,,,,,
1446758,f6b4f1109e37b552ffa8e9a328ac581495edb21c4caddfc6dad8fe75830b43d29869c629df3fab3d0b53d390acc0d0f52833743970dd9477074ae6091f66e92e,10/23/2022 05:15:00 PM,1,DRIVER,,1375024,,UNKNOWN,MOTORIZED,IL,,UNKNOWN,MOPED OR MOTORIZED BICYCLE,UNKNOWN/NA,N,PASSING/OVERTAKING,,,1,,,,,,,,,,,,,,,,Y,,FRONT,,,,,,,,,,,,,,,,,,,,,,,,,,,,,,,,,
1446054,133d9ec9c799ab4b11a8efc970600cc848f26fc0c98a4597c1955c6241b1fbedce8a3c4b8937fe89f510284a2b2e6db5f381173ed316a90a1f0785a4cbf29d8d,10/22/2022 04:41:00 PM,2,DRIVER,,1374350,,HONDA,OTHER (EXPLAIN IN NARRATIVE),IL,,UNKNOWN,MOPED OR MOTORIZED BICYCLE,PERSONAL,N,STRAIGHT AHEAD,,,1,,,,,,,,,,,,,,,,,,TOTAL (ALL AREAS),,,,,,,,,,,,,,,,,,,,,,,,,,,,,,,,,
1446068,ea25e46de6ece3dd404e900a0e7e9914c1b63f8093e0091497c9cad3a081409ff716a6904e03d8bbdd6801ccda50ea6e9eb32f4407fe1d514824b0f90d7460b4,10/22/2022 04:38:00 PM,1,DRIVER,,1374361,,UNKNOWN,MOTORIZED,,,UNKNOWN,MOPED OR MOTORIZED BICYCLE,UNKNOWN/NA,W,STRAIGHT AHEAD,,,1,,,,,,,,,,,,,,,,,Y,FRONT-LEFT-CORNER,,,,,,,,,,,,,,,,,,,,,,,,,,,,,,,,,
1445601,862f90551f5a914b08f6e5479bc64920b73249fb0298616a80e9ed1e4ffcd8afe11e34da4e6de81e8a3cf174abf4b7ac55316502940300957cae82f9b75a0900,10/21/2022 09:52:00 PM,2,DRIVER,1,1374595,,VESPA,OTHER (EXPLAIN IN NARRATIVE),IL,2019,NONE,MOPED OR MOTORIZED BICYCLE,PERSONAL,S,STRAIGHT AHEAD,,,2,,,,,,,,,Y,,,,,,,,,REAR-RIGHT-CORNER,,,,,,,,,,,,,,,,,,,,,,,,,,,,,,,,,
1441873,b5df93fd62133d103723f2ad9b2cf18bb20a8d40bcb7430fb3798d494e295dc7d7c61d571945ca868c41683fbee0c796cce3f77251a2c1fc4bfe228d9efaf526,10/16/2022 10:55:00 AM,1,DRIVER,,1370395,,UNKNOWN,OTHER (EXPLAIN IN NARRATIVE),,,NONE,MOPED OR MOTORIZED BICYCLE,PERSONAL,W,DRIVING WRONG WAY,Y,,1,,CITY OF CHICAGO,AUTO POUND #2,,,,,,,,,,N,N,,Y,,FRONT,,,,,,,,,,,,,,,,,,,,,,,,,,,,,,,,,