CRASH_UNIT_ID,CRASH_RECORD_ID,CRASH_DATE,UNIT_NO,UNIT_TYPE,NUM_PASSENGERS,VEHICLE_ID,CMRC_VEH_I,MAKE,MODEL,LIC_PLATE_STATE,VEHICLE_YEAR,VEHICLE_DEFECT,VEHICLE_TYPE,VEHICLE_USE,TRAVEL_DIRECTION,MANEUVER,TOWED_I,FIRE_I,OCCUPANT_CNT,EXCEED_SPEED_LIMIT_I,TOWED_BY,TOWED_TO,AREA_00_I,AREA_01_I,AREA_02_I,AREA_03_I,AREA_04_I,AREA_05_I,AREA_06_I,AREA_07_I,AREA_08_I,AREA_09_I,AREA_10_I,AREA_11_I,AREA_12_I,AREA_99_I,FIRST_CONTACT_POINT,CMV_ID,USDOT_NO,CCMC_NO,ILCC_NO,COMMERCIAL_SRC,GVWR,CARRIER_NAME,CARRIER_STATE,CARRIER_CITY,HAZMAT_PLACARDS_I,HAZMAT_NAME,UN_NO,HAZMAT_PRESENT_I,HAZMAT_REPORT_I,HAZMAT_REPORT_NO,MCS_REPORT_I,MCS_REPORT_NO,HAZMAT_VIO_CAUSE_CRASH_I,MCS_VIO_CAUSE_CRASH_I,IDOT_PERMIT_NO,WIDE_LOAD_I,TRAILER1_WIDTH,TRAILER2_WIDTH,TRAILER1_LENGTH,TRAILER2_LENGTH,TOTAL_VEHICLE_LENGTH,AXLE_CNT,VEHICLE_CONFIG,CARGO_BODY_TYPE,LOAD_TYPE,HAZMAT_OUT_OF_SERVICE_I,MCS_OUT_OF_SERVICE_I,HAZMAT_CLASS
1495814,aec651a039a61d20a79007ed7d19df56ea18a4bc9d9d97b0cb47d4457a117fcf3db7cbc1fa6bd2ef6af50a3c5e14afbb6485ff5e4120d0066eddc89ba9d89403,10/12/2022 08:40:00 AM,1,DRIVER,,1422013,,UNKNOWN,OTHER (EXPLAIN IN NARRATIVE),,,UNKNOWN,MOPED OR MOTORIZED BICYCLE,PERSONAL,W,STRAIGHT AHEAD,,,1,,,,,,,,,,,,,,,,Y,,FRONT,,,,,,,,,,,,,,,,,,,,,,,,,,,,,,,,,
1432969,81d9ca3666f6819ae2560e623894bf10ad0f2e8a53576874d978864f302bbd00fd7112c64d5cbe7dc0dedc98498de4a5ecc89a68a30a8ef64de3588f9aa79451,10/03/2022 05:30:00 PM,1,DRIVER,,1361832,,UNKNOWN,OTHER (EXPLAIN IN NARRATIVE),XX,,UNKNOWN,MOPED OR MOTORIZED BICYCLE,UNKNOWN/NA,W,STRAIGHT AHEAD,,,1,,,,,,,,,,,,,,,,Y,,FRONT,,,,,,,,,,,,,,,,,,,,,,,,,,,,,,,,,
1432534,dbb2f5ae0107bd13b897382ecb5c973b551fd5fe9c1a748a65504ef744d298b4cb2241b2f4bb69f2bee0569cf136efb3e603a6ca5c03184a6376f69c40ed3c58,10/02/2022 08:35:00 PM,1,DRIVER,,1361421,,"(HOMEMADE MOTORCYCLE, MOPED.ETC.)","(HOMEMADE MOTORCYCLE, MOPED.ETC.)",IL,,UNKNOWN,MOPED OR MOTORIZED BICYCLE,PERSONAL,W,OTHER,,,1,,,,,,,,,,,,,,,,,Y,UNKNOWN,,,,,,,,,,,,,,,,,,,,,,,,,,,,,,,,,
1432709,8e84ea0f4acb13c4cb35dde2928b86cbb817ca8feb901adf8211fb9fde33b62a316ccca07a87942065e712eaa14237f3b64e5970fa6b5ea97de63dea860fb996,10/02/2022 12:00:00 PM,2,DRIVER,,1361599,,UNKNOWN,MOTORIZED,,,UNKNOWN,MOPED OR MOTORIZED BICYCLE,UNKNOWN/NA,SE,STRAIGHT AHEAD,,,1,,,,,,,,,,,,,,,,,Y,FRONT,,,,,,,,,,,,,,,,,,,,,,,,,,,,,,,,,
1433234,0bce76886686c116013a879bc6c05b57031e97ba8760c0f73c2f4737f138504880f94aea8e42c69a4a0b6c5ee267b502e3e4e7fccec89f3bc54195c7636b3ca7,09/30/2022 07:55:00 AM,1,DRIVER,,1362087,,UNKNOWN,MOTORIZED,IL,,NONE,MOPED OR MOTORIZED BICYCLE,OTHER,W,TURNING LEFT,,,1,,,,Y,,,,,,,,,,,,,,SIDE-LEFT,,,,,,,,,,,,,,,,,,,,,,,,,,,,,,,,,
1430267,002fb27a160c507bcfed53c25a3cb4d57f974904bffe266bcd5dcf21155aed24c448215ddb7539fd226bb75b93818c8d42624fdc3edd5fb6d655fba788465c5f,09/29/2022 06:00:00 PM,2,DRIVER,,1359253,,"GENERAL MOPED COMPANY (NEW YORK, NY)","GENERAL MOPED CO., NEW YORK, NY",IL,2013,UNKNOWN,MOPED OR MOTORIZED BICYCLE,PERSONAL,E,STRAIGHT AHEAD,,,1,,,,,Y,Y,Y,,,,,,,,,Y,,FRONT-RIGHT-CORNER,,,,,,,,,,,,,,,,,,,,,,,,,,,,,,,,,
1432146,5e63aae1a5ba5b123e915bad1b784a1637d524998840b07248408111e1571c0466ce1ee0d2691b58dceb2473603aab5ab260567c4d3d38c5fcd39af1ea8d0cd5,09/29/2022 05:45:00 PM,1,DRIVER,,1361049,,UNKNOWN,OTHER (EXPLAIN IN NARRATIVE),IL,,UNKNOWN,MOPED OR MOTORIZED BICYCLE,UNKNOWN/NA,S,PASSING/OVERTAKING,,,1,,,,,,,,,,,,,,,,,,REAR,,,,,,,,,,,,,,,,,,,,,,,,,,,,,,,,,
1430220,4b54f78e1c4baa95e7ef5ae873e51e489994dea24981a73dbdfa66e2bfff8fa297ea3f453229a35ae2bd63ff592aeb559ff3757a3faad34b3b97c29877de6f23,09/29/2022 05:32:00 PM,1,DRIVER,,1359196,,UNKNOWN,MOTORIZED,,,UNKNOWN,MOPED OR MOTORIZED BICYCLE,UNKNOWN/NA,W,PASSING/OVERTAKING,,,1,,,,,,,,,,,,,,,,,,FRONT-RIGHT-CORNER,,,,,,,,,,,,,,,,,,,,,,,,,,,,,,,,,
1430010,46ce8887817e91489a7f3ec550e67ca6c853ede9c1d0a0eb65a824f9a8dc3c9fd2cc61e7c88658e0f7174a432e13ae7bd4222f8313409fa9f10b400397866d02,09/29/2022 01:26:00 PM,2,DRIVER,,1359020,,SCOOTALONG,SCOOTALONG,IL,,UNKNOWN,MOPED OR MOTORIZED BICYCLE,PERSONAL,S,STRAIGHT AHEAD,,,1,,,,,,,,,,,,,,,,,,FRONT-LEFT-CORNER,,,,,,,,,,,,,,,,,,,,,,,,,,,,,,,,,
1429667,fcc6b912f14d68363faf8365cb289aa70b71cac14ecc0f6da4b5339ecca8066604109ad7c4ea2a2b9a80dc1e9b73149fb90c1e7431844f6c10bce2772f4620d9,09/28/2022 08:20:00 PM,2,PARKED,,1358691,,VESPA,OTHER (EXPLAIN IN NARRATIVE),IL,2019,NONE,MOPED OR MOTORIZED BICYCLE,NOT IN USE,UNKNOWN,PARKED,Y,,0,,SELF,,,,,,,,,,,,,,,,SIDE-RIGHT,,,,,,,,,,,,,,,,,,,,,,,,,,,,,,,,,
1427469,10b20ae3346866a893fc36eef1b0ab465ed4895f07017301bcab84a4aac784ef508c69127d48cf6d185952aa27f1fd45de094e815efda27410167c0474f27761,09/25/2022 02:30:00 PM,1,DRIVER,,1356559,,UNKNOWN,MOTORIZED,XX,,UNKNOWN,MOPED OR MOTORIZED BICYCLE,PERSONAL,N,STRAIGHT AHEAD,,,1,,,,,,,,,,,,,,,,,Y,FRONT,,,,,,,,,,,,,,,,,,,,,,,,,,,,,,,,,
1427012,1a1bfa08a352de170d04d63715ee056ba8c8dbd9ba8fcdc203e6342e6dfd2843e8b6165b27f7aaa126a42d7b303095ab977fef2b89cc60854517af119e609b51,09/24/2022 11:23:00 PM,2,DRIVER,1,1356148,,UNKNOWN,OTHER (EXPLAIN IN NARRATIVE),IL,,UNKNOWN,MOPED OR MOTORIZED BICYCLE,PERSONAL,N,STRAIGHT AHEAD,,,2,,,,,Y,Y,Y,Y,Y,,,,,,,,,SIDE-RIGHT,,,,,,,,,,,,,,,,,,,,,,,,,,,,,,,,,
1427164,5a04c563d34236e76de28d33c6099b51dd7eaaba8123b6a871fa4e9fe92845380616374a504126bf02e10426593c3adb0f7ebe2c6b74cfc82c032f6dac773fae,09/24/2022 02:00:00 PM,1,DRIVER,,1356278,,UNKNOWN,OTHER (EXPLAIN IN NARRATIVE),,,UNKNOWN,MOPED OR MOTORIZED BICYCLE,UNKNOWN/NA,N,UNKNOWN/NA,,,1,,,,,,,,,,,,,,,,,Y,UNKNOWN,,,,,,,,,,,,,,,,,,,,,,,,,,,,,,,,,
1422708,422a39722d25d1a981d5d5cef35f1e79356a1f86b727f6335c5d481c6d8d11828079e4bbda3b7c94412d8bdeb09018c72381280aa1df11ca16a2060e6abfe577,09/18/2022 08:16:00 PM,1,DRIVER,,1352067,,UNKNOWN,OTHER (EXPLAIN IN NARRATIVE),,,NONE,MOPED OR MOTORIZED BICYCLE,PERSONAL,E,STRAIGHT AHEAD,,,1,,,,,,,,,,,,,,,,Y,,FRONT,,,,,,,,,,,,,,,,,,,,,,,,,,,,,,,,,
1423444,fb0cdf4df58fa4648ad8c8de5e7d445636b1738eaecb4189d1f7455bf274df1aa9aecacc371aefbdd7b5da75c56b29e131efa01b3e2b5c10461549c51e195f94,09/17/2022 11:30:00 PM,1,DRIVER,1,1352727,,UNKNOWN,OTHER (EXPLAIN IN NARRATIVE),IL,,UNKNOWN,MOPED OR MOTORIZED BICYCLE,PERSONAL,N,PASSING/OVERTAKING,,,2,,,,Y,,,,,,,,,,,,,,UNKNOWN,,,,,,,,,,,,,,,,,,,,,,,,,,,,,,,,,
1423531,f086c771cd6b1265e80b7ca345bda236d26fe36e3c229f0bb048338b4d36df1230b348d9bd145e678e8242fd41152e4a77caeb485b36a5fd429efa0de01a2065,09/17/2022 03:15:00 AM,2,DRIVER,,1352812,,UNKNOWN,OTHER (EXPLAIN IN NARRATIVE),IL,,NONE,MOPED OR MOTORIZED BICYCLE,PERSONAL,S,STRAIGHT AHEAD,,,1,,,,,,,,,,,,,,,,N,,FRONT,,,,,,,,,,,,,,,,,,,,,,,,,,,,,,,,,
1421285,8871f23073269f4719cb8be7772e4b5f4ab63b8c4831a636b8c7abcb7eb006782c6dd8a3cf7b6c2109256d24841f8a832e3b1024cdb1ab71717dfec2eb7a4b74,09/16/2022 09:17:00 PM,1,DRIVER,,1350698,,UNKNOWN,OTHER (EXPLAIN IN NARRATIVE),IL,,NONE,MOPED OR MOTORIZED BICYCLE,UNKNOWN/NA,S,STRAIGHT AHEAD,,,1,,,,,Y,,,,,,,,,,,N,,FRONT-RIGHT-CORNER,,,,,,,,,,,,,,,,,,,,,,,,,,,,,,,,,
1417756,690987caf6f7a47b87859eadb592a58cd413d05f53894ca2622184171b18391dea093dc60feb78a745b4a096a27550b657ef134b17a34e8a518287afaf90fa7a,09/11/2022 09:40:00 PM,1,DRIVER,,1347299,,UNKNOWN,OTHER (EXPLAIN IN NARRATIVE),IL,,UNKNOWN,MOPED OR MOTORIZED BICYCLE,NOT IN USE,E,OTHER,Y,,1,,impound,,,,,,,,,,,,Y,Y,,,FRONT-LEFT-CORNER,,,,,,,,,,,,,,,,,,,,,,,,,,,,,,,,,
1417237,2bc4002029ea490fde9fb7022c417c515000c80993789fc79b25b39e0c9bec99775fee296b20d8d1b29ea9e7e38344e75d23d7b5ad9f814c790783b886c601d8,09/10/2022 11:12:00 PM,1,DRIVER,,1346799,,"(HOMEMADE MOTORCYCLE, MOPED.ETC.)","(HOMEMADE MOTORCYCLE, MOPED.ETC.)",IL,2020,UNKNOWN,MOPED OR MOTORIZED BICYCLE,PERSONAL,E,UNKNOWN/NA,,,1,,,,,Y,Y,,,,,,,,,,Y,,FRONT-RIGHT-CORNER,,,,,,,,,,,,,,,,,,,,,,,,,,,,,,,,,
1415044,c924688c8a3f4ef98c4c0b55614e4f4be320312fc99685e6d20eea983bd3c90db6aa7ce3fec96ecbfa9dee9316231a6dbc60513e7810d0f6ce89abcc0d5dc68d,09/07/2022 07:30:00 PM,2,DRIVER,,1344718,,VESPA,GTS SERIES,IL,2020,NONE,MOPED OR MOTORIZED BICYCLE,PERSONAL,SE,STRAIGHT AHEAD,,,1,,,,,Y,,,,,,,,,,,,,SIDE-RIGHT-FRONT,,,,,,,,,,,,,,,,,,,,,,,,,,,,,,,,,
1414732,1fad52c2761c19c5d259d200d5626a742aae9a3c18ca75f7850914a1673a8a3c878b4191fa6ebb7310c2138227756c6c1bed399907251d68d1b69ed25bad615c,09/07/2022 01:55:00 PM,2,DRIVER,,1344404,,UNKNOWN,MOTORIZED,IL,2020,NONE,MOPED OR MOTORIZED BICYCLE,PERSONAL,N,STRAIGHT AHEAD,,,1,,,,,,,,,,,Y,Y,Y,Y,Y,,,SIDE-LEFT,,,,,,,,,,,,,,,,,,,,,,,,,,,,,,,,,
1412566,76fb39bb2d6c3d4fe7a85776419fa7fffc2928a4156cdb3702c59158dc533af5bd8ec7a6d7168a2c6b74a6310c1fd6fc186455d16d31a3449553711f754ca446,09/03/2022 05:15:00 PM,1,DRIVER,,1342330,,VESPA,SPRINT,IL,2022,UNKNOWN,MOPED OR MOTORIZED BICYCLE,PERSONAL,W,STRAIGHT AHEAD,,,1,,,,,,Y,Y,Y,,,,,Y,Y,Y,,,SIDE-LEFT,,,,,,,,,,,,,,,,,,,,,,,,,,,,,,,,,
1410943,180ddf73f8814ce11eb04041d1cf1c66eceb61536c30f138fb03e31b2119cf84c3158b2e084a19e412da4b7a4c59c85db6ae39aa2e52e4486fa98e9557023f0b,09/01/2022 06:11:00 PM,1,DRIVER,,1340785,,HONDA,MOTORCYCLE,IL,2015,UNKNOWN,MOPED OR MOTORIZED BICYCLE,PERSONAL,W,STRAIGHT AHEAD,,,1,,,,,,,,,,,,,,Y,Y,,,FRONT-LEFT-CORNER,,,,,,,,,,,,,,,,,,,,,,,,,,,,,,,,,
1409349,0e058ca05635a8dd18fd1fe607dc494ce6442cc83ab9c348b7b73fb44d674129bce20197089e6a7a80306077ce8de549c8b02211a29c97537eb9218e38b89833,08/30/2022 05:01:00 PM,1,DRIVER,,1339268,,"LONG CHIH INDUSTRIAL COMPANY, LTD. (TAIPAI, TAIWAN)","LONG CHIH INDUS. CO., LTD., TAIPAI, TAIWAN",IL,2018,UNKNOWN,MOPED OR MOTORIZED BICYCLE,PERSONAL,W,STRAIGHT AHEAD,,,1,,,,,,,,,,,,,,,,Y,,FRONT,,,,,,,,,,,,,,,,,,,,,,,,,,,,,,,,,
1409049,4dcaf431e1a650b931f54f1f4c676bc5d0d8a01babe9c9a47e4ba454ad116cafdb51b870c14726a25b4c36ed3992df0448c51ffc6250f0626d123349263c7ec5,08/30/2022 08:03:00 AM,1,DRIVER,,1338974,,EAGLE,OTHER (EXPLAIN IN NARRATIVE),,2020,UNKNOWN,MOPED OR MOTORIZED BICYCLE,UNKNOWN/NA,E,PASSING/OVERTAKING,,,1,,,,,Y,,,,,,,,,,Y,Y,,FRONT,,,,,,,,,,,,,,,,,,,,,,,,,,,,,,,,,
1409094,49bf6626f2210d5fe03c0f7fcec8a831fe32c767997d59163fc256e4067610f4a8e8f74b2fc6124ed5c30a6a692ebb3816e6ee97fd95003d96323938ad155d9c,08/23/2022 05:20:00 PM,1,DRIVER,,1339006,,VESPA,GTS SERIES,IL,2020,NONE,MOPED OR MOTORIZED BICYCLE,PERSONAL,N,STRAIGHT AHEAD,,,1,,,,,,,,,,Y,Y,Y,,,,,,SIDE-LEFT,,,,,,,,,,,,,,,,,,,,,,,,,,,,,,,,,
1403820,ab111641adccd6ecce74e2aaf7d48968d0664a92794a145ce37c5031c3b1cb5f657ee0c53026635634ec1ad0010ede66a763559d015c19f0c5846bf5bb9a5fdd,08/22/2022 12:27:00 PM,2,PARKED,,1333989,,HARLEY-DAVIDSON,HARLEY-DAVIDSON,IL,2022,UNKNOWN,MOPED OR MOTORIZED BICYCLE,PERSONAL,UNKNOWN,PARKED,Y,,0,,UNK,UNK,,,,,,,,Y,Y,Y,Y,Y,,,OTHER,,,,,,,,,,,,,,,,,,,,,,,,,,,,,,,,,
1402164,2416ff52ee3f5af140ab14ada7813197edd7cbc335457abb81218c3803cb8e5eab9b12506cb2f5adce3f1401ecaf4a3b65ac5ac9029c57323f21ffc9d42da7f6,08/19/2022 08:06:00 PM,2,DRIVER,,1332401,,"GENERAL MOPED COMPANY (NEW YORK, NY)","GENERAL MOPED CO., NEW YORK, NY",IL,,NONE,MOPED OR MOTORIZED BICYCLE,PERSONAL,E,STRAIGHT AHEAD,,,1,,,,,,,Y,,,,,,,,,,,SIDE-RIGHT,,,,,,,,,,,,,,,,,,,,,,,,,,,,,,,,,
1400014,5e74c37bc228d5cebbaae64a5529294f0404bc6cf1beb80c0e9453d47ed290a549f9b97065e28564602c01c83cbe283951e941dff405d5b38defb3ec5c254340,08/16/2022 04:36:00 PM,2,DRIVER,,1330358,,UNKNOWN,OTHER (EXPLAIN IN NARRATIVE),IL,2015,NONE,MOPED OR MOTORIZED BICYCLE,PERSONAL,E,TURNING LEFT,,,1,,,,,,,,,,,,,,Y,Y,,,FRONT-LEFT-CORNER,,,,,,,,,,,,,,,,,,,,,,,,,,,,,,,,,
1396959,678c3981f26e8693c95197972f05709d9c620c6ef92c0752bc730b4f263ceebc2fd105f1d356293a9174213f8fecc47ec44f7d47508d2a69b5b2e75d94e020f4,08/10/2022 07:40:00 PM,2,DRIVER,,1327415,,YAMAHA,OTHER (EXPLAIN IN NARRATIVE),IL,2018,NONE,MOPED OR MOTORIZED BICYCLE,PERSONAL,W,LEAVING TRAFFIC LANE TO PARK,,,1,,,,,,,,,,Y,,,,,,,,REAR,,,,,,,,,,,,,,,,,,,,,,,,,,,,,,,,,
1393902,aa890082793ed4bb38fa11b3e1cf1c1c23389b475c08489d8f4596cc0aa39c547ec1eff7003ed80355d91cca1d27e54b37a3987365f7fe7470575a4070ca8907,08/07/2022 12:57:00 AM,1,DRIVER,1,1324464,,GENESIS,G70,IL,2012,UNKNOWN,MOPED OR MOTORIZED BICYCLE,PERSONAL,S,STRAIGHT AHEAD,,,2,,,,,Y,Y,Y,Y,Y,Y,Y,Y,Y,Y,Y,Y,,SIDE-RIGHT,,,,,,,,,,,,,,,,,,,,,,,,,,,,,,,,,
1392723,6dd2af5b77c7ff850025d4d142244718790644d8a33a567d5c3dd06a148b011627fde1a09722622a2bc4210ea6ac5720859d61c3754a7474cee165d37cf1ca3c,08/05/2022 01:47:00 PM,2,PARKED,,1323354,,YOUNG CORPORATION,YOUNG CORP.,IL,2018,BRAKES,MOPED OR MOTORIZED BICYCLE,PERSONAL,N,PARKED,,,0,,,,,Y,,,,,Y,,,,,Y,Y,,FRONT,,,,,,,,,,,,,,,,,,,,,,,,,,,,,,,,,
1392486,a841e476f83575b7b3af4ca0c26ac00b40f2d12de3cc142d9187b61c8f84ce3b894b85afdb6fc317401bb01fefadef11b77aa9b88467f8fcc0130b33cdb22b97,08/04/2022 09:20:00 PM,1,DRIVER,,1323130,,BENELLI,BENELLI,IL,2022,NONE,MOPED OR MOTORIZED BICYCLE,PERSONAL,SE,ENTER FROM DRIVE/ALLEY,,,1,,,,,Y,,,,,,,,,,,Y,,FRONT-RIGHT-CORNER,,,,,,,,,,,,,,,,,,,,,,,,,,,,,,,,,
1391689,832dc3804bf764cbc29ede2223d465dac72aba5e4516bcf78ee18edf6c22c92ba153fb22ccac9e0fe8ebad223ed0fc2bc5eb43509c2504ddd6f216542ed84f6f,08/03/2022 12:25:00 PM,2,DRIVER,,1322373,,"GENERAL MOPED COMPANY (NEW YORK, NY)","GENERAL MOPED CO., NEW YORK, NY",IL,2014,NONE,MOPED OR MOTORIZED BICYCLE,PERSONAL,SE,STRAIGHT AHEAD,,,1,,,,,Y,,,,,,,,,,,,,FRONT-RIGHT-CORNER,,,,,,,,,,,,,,,,,,,,,,,,,,,,,,,,,
1387885,edee4ee141ebbeb9019d4fe50d4a6a948e5f3b9bcd0d9c0265232dacd1450f754d970c191bfa986ebee8db90140e98d3d18e24aa5c869ed5f60d5d7ec293c9df,07/28/2022 06:02:00 PM,2,DRIVER,,1318740,,VESPA,LX SERIES,IL,2008,STEERING,MOPED OR MOTORIZED BICYCLE,PERSONAL,N,STRAIGHT AHEAD,,,1,,,,,,,,,,,,,,,,,Y,SIDE-RIGHT,,,,,,,,,,,,,,,,,,,,,,,,,,,,,,,,,
1386424,4e7435defceadaadc9968d88522fa5fd87e35e6c499bf2f20fb60f5e9dc4f6887c0802a6a9ea9352468240e6e6e8c86e9300966f14fa39484eda560fadb4ffbb,07/26/2022 04:25:00 PM,2,PARKED,,1317325,,UNKNOWN,OTHER (EXPLAIN IN NARRATIVE),IL,2022,NONE,MOPED OR MOTORIZED BICYCLE,NOT IN USE,E,PARKED,,,0,,,,,Y,Y,Y,Y,Y,,,,,,,,,SIDE-RIGHT,,,,,,,,,,,,,,,,,,,,,,,,,,,,,,,,,
1386472,86921ab03eb597bc026a0cf9134e85d4d8ecc095d5977f4d6471120948f9ff10c2279ba0baf61b171134c705c993709b6d8d183f60747d8ae56b3d1ccc3adb71,07/26/2022 04:15:00 PM,1,DRIVER,,1317378,,WOLFE MANUFACTURING COMPANY,WOLFE MFG. CO.,IL,2021,NONE,MOPED OR MOTORIZED BICYCLE,PERSONAL,E,STRAIGHT AHEAD,,,1,,,,Y,,,,,,,,,,,,,,SIDE-RIGHT,,,,,,,,,,,,,,,,,,,,,,,,,,,,,,,,,
1385621,8d267cfa25ce38cec5c55ef63e612e94e3ea67fadef0bf807b02182bf5016708e5ee49c2a0b69ff4d7e7bb0b03343005bfc879288ae835392263aca6121f8ef7,07/25/2022 10:34:00 AM,1,DRIVER,,1316563,,UNKNOWN,MOTORIZED,IL,,UNKNOWN,MOPED OR MOTORIZED BICYCLE,PERSONAL,W,STRAIGHT AHEAD,,,1,,,,,,,,,,,,,,,,Y,,FRONT,,,,,,,,,,,,,,,,,,,,,,,,,,,,,,,,,
1385329,2bd741b6e8c0e78c4db7d63e37312d0bc3cd6e943dee7fece6b105ce66cbfb670695c6d90360960a51b3922eefd04ccbd03da26e6563a3f369f824f7802f9dfe,07/24/2022 07:57:00 PM,1,DRIVER,,1316281,,UNKNOWN,MOTORIZED,,,UNKNOWN,MOPED OR MOTORIZED BICYCLE,PERSONAL,E,STRAIGHT AHEAD,,,1,,,,,,,,,,,,,,,,,Y,FRONT,,,,,,,,,,,,,,,,,,,,,,,,,,,,,,,,,
1383902,267db6faad2c189457b4926fbc4577c7a2f7ab1a300fa454e7f34bf865655b72921fefae78a2136466e381f0658244abbecc053d3fe6d5d6dca198fdde740b4b,07/22/2022 04:08:00 PM,1,DRIVER,,1314904,,UNKNOWN,OTHER (EXPLAIN IN NARRATIVE),IL,2018,NONE,MOPED OR MOTORIZED BICYCLE,PERSONAL,E,STRAIGHT AHEAD,,,1,,,,,,,,,,,,,,,,Y,,FRONT,,,,,,,,,,,,,,,,,,,,,,,,,,,,,,,,,
1383162,533a00283dde8e796bcdee5ed4c8f6b2abbf0cba385b4444e8f920465729c0892ac7b7d4d42ae07af24251000d47f698631c01242a083d79074b9f9d5beb1554,07/21/2022 03:20:00 PM,2,DRIVER,,1314248,,UNKNOWN,MOTORIZED,IL,2021,UNKNOWN,MOPED OR MOTORIZED BICYCLE,PERSONAL,S,STRAIGHT AHEAD,Y,,1,,UNKNOWN,UNKNOWN,,,,,,,,,,Y,Y,Y,,,FRONT-LEFT-CORNER,,,,,,,,,,,,,,,,,,,,,,,,,,,,,,,,,
1383046,b1b896f7fe0096b8884fccaf2351992ccc5410ff7ba45e0577cdcce418e453fbf6bd3e81825e7a78df40f9f613d597217e4b2a9496b2a4bbbd5c809996bdbe3f,07/21/2022 02:10:00 PM,1,DRIVER,1,1314108,,UNKNOWN,MOTORIZED,IL,,UNKNOWN,MOPED OR MOTORIZED BICYCLE,UNKNOWN/NA,NE,PASSING/OVERTAKING,,,2,,,,,,,,,,,,,,,,,Y,REAR,,,,,,,,,,,,,,,,,,,,,,,,,,,,,,,,,
1382977,da1eac4c12200e4d4ec44f04a78d97e86c4db8bb777a61cb01e2d2d3a36ef0ad38b39865c024162c5470c5d94c3c7ca2725c9c6f0a021cfff68b12b0b5523318,07/21/2022 12:00:00 PM,2,PARKED,,1314063,,VESPA,LX SERIES,IL,2013,NONE,MOPED OR MOTORIZED BICYCLE,PERSONAL,N,PARKED,,,0,,,,,,,,,,,,,Y,,,,,SIDE-LEFT,,,,,,,,,,,,,,,,,,,,,,,,,,,,,,,,,
1383001,958a40c303355eda4418744284d837a0af7104912528f2007c6139e72a8e9ec115fae3285f91a21f23d14bfaef6b89513b6ec11dca111d0cf7bbff7abe98e997,07/20/2022 01:00:00 PM,2,PARKED,,1314070,,VESPA,LX SERIES,IL,2013,NONE,MOPED OR MOTORIZED BICYCLE,NOT IN USE,N,PARKED,,,0,,,,,,,,,,,,,,,,,Y,UNKNOWN,,,,,,,,,,,,,,,,,,,,,,,,,,,,,,,,,
1382092,d09bc9e88cafc68d2e01585ff5d85f0a5afc07acb1bdee29555712a5f48edf884d50783a3549cb3edaf6387fa40e5537e213ddf438a822fd5089ea24bcfc73a6,07/20/2022 08:24:00 AM,2,DRIVER,,1313271,,UNKNOWN,MOTORIZED,IL,,NONE,MOPED OR MOTORIZED BICYCLE,PERSONAL,NE,STRAIGHT AHEAD,,,1,,,,,Y,,,,,,,,,Y,Y,Y,Y,FRONT,,,,,,,,,,,,,,,,,,,,,,,,,,,,,,,,,